form,subjects,code,name,predicted_2025,trend,budget_places,chance_text,chance_prob,graph_path
Очно-бюджетная,"Математика, Информатика, Русский язык",38.03.05,38.03.05 — Бизнес-информатика,261,📈 Растущий,0,🔴 Очень низкие,0.15,
Очно-бюджетная,"Математика, Информатика, Русский язык",27.03.05,27.03.05 —Инноватика,238,📉 Снижающийся,0,🟢 Высокие,0.85,
Очно-бюджетная,"Математика, Информатика, Русский язык",05.03.06,05.03.06 — Экология и природопользование,166,📈 Растущий,0,🟢 Высокие,0.85,
Очно-бюджетная,"Математика, Обществознание, Русский язык",38.03.04,38.03.04 — Государственное и муниципальное управление,261,➡️ Стабильный,0,🔴 Очень низкие,0.15,
Очно-бюджетная,"Математика, Обществознание, Русский язык",38.03.05,38.03.05 — Бизнес-информатика,261,📈 Растущий,0,🔴 Очень низкие,0.15,
Очно-бюджетная,"Математика, Обществознание, Русский язык",43.03.03,43.03.03 — Гостиничное дело,260,📉 Снижающийся,0,🔴 Очень низкие,0.15,
Очно-бюджетная,"Математика, Обществознание, Русский язык",38.03.01,38.03.01 — Экономика,257,📈 Растущий,0,🔴 Очень низкие,0.15,
Очно-бюджетная,"Математика, Обществознание, Русский язык",38.03.02,38.03.02 — Менеджмент,256,📈 Растущий,0,🔴 Очень низкие,0.15,
Очно-бюджетная,"Математика, История, Русский язык",43.03.03,43.03.03 — Гостиничное дело,260,📉 Снижающийся,0,🔴 Очень низкие,0.15,
Очно-бюджетная,"Математика, Биология, Русский язык",,НАПРАВЛЕНИЯ НЕ НАЙДЕНЫ,,,,—,,
Очно-бюджетная,"Математика, Химия, Русский язык",,НАПРАВЛЕНИЯ НЕ НАЙДЕНЫ,,,,—,,
Очно-бюджетная,"Математика, Физика, Русский язык",27.03.05,27.03.05 —Инноватика,238,📉 Снижающийся,0,🟢 Высокие,0.85,
Очно-бюджетная,"Математика, География, Русский язык",05.03.06,05.03.06 — Экология и природопользование,166,📈 Растущий,0,🟢 Высокие,0.85,
Очно-бюджетная,"Математика, Английский язык, Русский язык",38.03.04,38.03.04 — Государственное и муниципальное управление,261,➡️ Стабильный,0,🔴 Очень низкие,0.15,
Очно-бюджетная,"Математика, Английский язык, Русский язык",43.03.03,43.03.03 — Гостиничное дело,260,📉 Снижающийся,0,🔴 Очень низкие,0.15,
Очно-бюджетная,"Математика, Английский язык, Русский язык",38.03.01,38.03.01 — Экономика,257,📈 Растущий,0,🔴 Очень низкие,0.15,
Очно-бюджетная,"Математика, Английский язык, Русский язык",38.03.02,38.03.02 — Менеджмент,256,📈 Растущий,0,🔴 Очень низкие,0.15,
Очно-бюджетная,"Математика, Английский язык, Русский язык",38.03.03,38.03.03 — Управление персоналом,253,📈 Растущий,0,🔴 Очень низкие,0.15,
Очно-бюджетная,"Информатика, Обществознание, Русский язык, Математика",38.03.05,38.03.05 — Бизнес-информатика,261,📈 Растущий,0,🔴 Очень низкие,0.15,
Очно-бюджетная,"Информатика, Обществознание, Русский язык, Математика",38.03.04,38.03.04 — Государственное и муниципальное управление,261,➡️ Стабильный,0,🔴 Очень низкие,0.15,
Очно-бюджетная,"Информатика, Обществознание, Русский язык, Математика",43.03.03,43.03.03 — Гостиничное дело,260,📉 Снижающийся,0,🔴 Очень низкие,0.15,
Очно-бюджетная,"Информатика, Обществознание, Русский язык, Математика",38.03.01,38.03.01 — Экономика,257,📈 Растущий,0,🔴 Очень низкие,0.15,
Очно-бюджетная,"Информатика, Обществознание, Русский язык, Математика",38.03.02,38.03.02 — Менеджмент,256,📈 Растущий,0,🔴 Очень низкие,0.15,
Очно-бюджетная,"Информатика, История, Русский язык, Математика",38.03.05,38.03.05 — Бизнес-информатика,261,📈 Растущий,0,🔴 Очень низкие,0.15,
Очно-бюджетная,"Информатика, История, Русский язык, Математика",43.03.03,43.03.03 — Гостиничное дело,260,📉 Снижающийся,0,🔴 Очень низкие,0.15,
Очно-бюджетная,"Информатика, История, Русский язык, Математика",27.03.05,27.03.05 —Инноватика,238,📉 Снижающийся,0,🟢 Высокие,0.85,
Очно-бюджетная,"Информатика, История, Русский язык, Математика",05.03.06,05.03.06 — Экология и природопользование,166,📈 Растущий,0,🟢 Высокие,0.85,
Очно-бюджетная,"Информатика, Биология, Русский язык, Математика",38.03.05,38.03.05 — Бизнес-информатика,261,📈 Растущий,0,🔴 Очень низкие,0.15,
Очно-бюджетная,"Информатика, Биология, Русский язык, Математика",27.03.05,27.03.05 —Инноватика,238,📉 Снижающийся,0,🟢 Высокие,0.85,
Очно-бюджетная,"Информатика, Биология, Русский язык, Математика",05.03.06,05.03.06 — Экология и природопользование,166,📈 Растущий,0,🟢 Высокие,0.85,
Очно-бюджетная,"Информатика, Химия, Русский язык, Математика",38.03.05,38.03.05 — Бизнес-информатика,261,📈 Растущий,0,🔴 Очень низкие,0.15,
Очно-бюджетная,"Информатика, Химия, Русский язык, Математика",27.03.05,27.03.05 —Инноватика,238,📉 Снижающийся,0,🟢 Высокие,0.85,
Очно-бюджетная,"Информатика, Химия, Русский язык, Математика",05.03.06,05.03.06 — Экология и природопользование,166,📈 Растущий,0,🟢 Высокие,0.85,
Очно-бюджетная,"Информатика, Физика, Русский язык, Математика",27.03.05,27.03.05 —Инноватика,238,📉 Снижающийся,0,🟢 Высокие,0.85,
Очно-бюджетная,"Информатика, Физика, Русский язык, Математика",38.03.05,38.03.05 — Бизнес-информатика,261,📈 Растущий,0,🔴 Очень низкие,0.15,
Очно-бюджетная,"Информатика, Физика, Русский язык, Математика",05.03.06,05.03.06 — Экология и природопользование,166,📈 Растущий,0,🟢 Высокие,0.85,
Очно-бюджетная,"Информатика, География, Русский язык, Математика",05.03.06,05.03.06 — Экология и природопользование,166,📈 Растущий,0,🟢 Высокие,0.85,
Очно-бюджетная,"Информатика, География, Русский язык, Математика",38.03.05,38.03.05 — Бизнес-информатика,261,📈 Растущий,0,🔴 Очень низкие,0.15,
Очно-бюджетная,"Информатика, География, Русский язык, Математика",27.03.05,27.03.05 —Инноватика,238,📉 Снижающийся,0,🟢 Высокие,0.85,
Очно-бюджетная,"Информатика, Английский язык, Русский язык, Математика",38.03.04,38.03.04 — Государственное и муниципальное управление,261,➡️ Стабильный,0,🔴 Очень низкие,0.15,
Очно-бюджетная,"Информатика, Английский язык, Русский язык, Математика",38.03.05,38.03.05 — Бизнес-информатика,261,📈 Растущий,0,🔴 Очень низкие,0.15,
Очно-бюджетная,"Информатика, Английский язык, Русский язык, Математика",43.03.03,43.03.03 — Гостиничное дело,260,📉 Снижающийся,0,🔴 Очень низкие,0.15,
Очно-бюджетная,"Информатика, Английский язык, Русский язык, Математика",38.03.01,38.03.01 — Экономика,257,📈 Растущий,0,🔴 Очень низкие,0.15,
Очно-бюджетная,"Информатика, Английский язык, Русский язык, Математика",38.03.02,38.03.02 — Менеджмент,256,📈 Растущий,0,🔴 Очень низкие,0.15,
Очно-бюджетная,"Обществознание, История, Русский язык, Математика",43.03.03,43.03.03 — Гостиничное дело,260,📉 Снижающийся,0,🔴 Очень низкие,0.15,
Очно-бюджетная,"Обществознание, История, Русский язык, Математика",38.03.04,38.03.04 — Государственное и муниципальное управление,261,➡️ Стабильный,0,🔴 Очень низкие,0.15,
Очно-бюджетная,"Обществознание, История, Русский язык, Математика",38.03.05,38.03.05 — Бизнес-информатика,261,📈 Растущий,0,🔴 Очень низкие,0.15,
Очно-бюджетная,"Обществознание, История, Русский язык, Математика",38.03.01,38.03.01 — Экономика,257,📈 Растущий,0,🔴 Очень низкие,0.15,
Очно-бюджетная,"Обществознание, История, Русский язык, Математика",38.03.02,38.03.02 — Менеджмент,256,📈 Растущий,0,🔴 Очень низкие,0.15,
Очно-бюджетная,"Обществознание, Биология, Русский язык, Математика",38.03.04,38.03.04 — Государственное и муниципальное управление,261,➡️ Стабильный,0,🔴 Очень низкие,0.15,
Очно-бюджетная,"Обществознание, Биология, Русский язык, Математика",38.03.05,38.03.05 — Бизнес-информатика,261,📈 Растущий,0,🔴 Очень низкие,0.15,
Очно-бюджетная,"Обществознание, Биология, Русский язык, Математика",43.03.03,43.03.03 — Гостиничное дело,260,📉 Снижающийся,0,🔴 Очень низкие,0.15,
Очно-бюджетная,"Обществознание, Биология, Русский язык, Математика",38.03.01,38.03.01 — Экономика,257,📈 Растущий,0,🔴 Очень низкие,0.15,
Очно-бюджетная,"Обществознание, Биология, Русский язык, Математика",38.03.02,38.03.02 — Менеджмент,256,📈 Растущий,0,🔴 Очень низкие,0.15,
Очно-бюджетная,"Обществознание, Химия, Русский язык, Математика",38.03.04,38.03.04 — Государственное и муниципальное управление,261,➡️ Стабильный,0,🔴 Очень низкие,0.15,
Очно-бюджетная,"Обществознание, Химия, Русский язык, Математика",38.03.05,38.03.05 — Бизнес-информатика,261,📈 Растущий,0,🔴 Очень низкие,0.15,
Очно-бюджетная,"Обществознание, Химия, Русский язык, Математика",43.03.03,43.03.03 — Гостиничное дело,260,📉 Снижающийся,0,🔴 Очень низкие,0.15,
Очно-бюджетная,"Обществознание, Химия, Русский язык, Математика",38.03.01,38.03.01 — Экономика,257,📈 Растущий,0,🔴 Очень низкие,0.15,
Очно-бюджетная,"Обществознание, Химия, Русский язык, Математика",38.03.02,38.03.02 — Менеджмент,256,📈 Растущий,0,🔴 Очень низкие,0.15,
Очно-бюджетная,"Обществознание, Физика, Русский язык, Математика",38.03.04,38.03.04 — Государственное и муниципальное управление,261,➡️ Стабильный,0,🔴 Очень низкие,0.15,
Очно-бюджетная,"Обществознание, Физика, Русский язык, Математика",38.03.05,38.03.05 — Бизнес-информатика,261,📈 Растущий,0,🔴 Очень низкие,0.15,
Очно-бюджетная,"Обществознание, Физика, Русский язык, Математика",43.03.03,43.03.03 — Гостиничное дело,260,📉 Снижающийся,0,🔴 Очень низкие,0.15,
Очно-бюджетная,"Обществознание, Физика, Русский язык, Математика",38.03.01,38.03.01 — Экономика,257,📈 Растущий,0,🔴 Очень низкие,0.15,
Очно-бюджетная,"Обществознание, Физика, Русский язык, Математика",38.03.02,38.03.02 — Менеджмент,256,📈 Растущий,0,🔴 Очень низкие,0.15,
Очно-бюджетная,"Обществознание, География, Русский язык, Математика",38.03.04,38.03.04 — Государственное и муниципальное управление,261,➡️ Стабильный,0,🔴 Очень низкие,0.15,
Очно-бюджетная,"Обществознание, География, Русский язык, Математика",38.03.05,38.03.05 — Бизнес-информатика,261,📈 Растущий,0,🔴 Очень низкие,0.15,
Очно-бюджетная,"Обществознание, География, Русский язык, Математика",43.03.03,43.03.03 — Гостиничное дело,260,📉 Снижающийся,0,🔴 Очень низкие,0.15,
Очно-бюджетная,"Обществознание, География, Русский язык, Математика",38.03.01,38.03.01 — Экономика,257,📈 Растущий,0,🔴 Очень низкие,0.15,
Очно-бюджетная,"Обществознание, География, Русский язык, Математика",38.03.02,38.03.02 — Менеджмент,256,📈 Растущий,0,🔴 Очень низкие,0.15,
Очно-бюджетная,"Обществознание, Английский язык, Русский язык, Математика",38.03.04,38.03.04 — Государственное и муниципальное управление,261,➡️ Стабильный,0,🔴 Очень низкие,0.15,
Очно-бюджетная,"Обществознание, Английский язык, Русский язык, Математика",43.03.03,43.03.03 — Гостиничное дело,260,📉 Снижающийся,0,🔴 Очень низкие,0.15,
Очно-бюджетная,"Обществознание, Английский язык, Русский язык, Математика",38.03.01,38.03.01 — Экономика,257,📈 Растущий,0,🔴 Очень низкие,0.15,
Очно-бюджетная,"Обществознание, Английский язык, Русский язык, Математика",38.03.02,38.03.02 — Менеджмент,256,📈 Растущий,0,🔴 Очень низкие,0.15,
Очно-бюджетная,"Обществознание, Английский язык, Русский язык, Математика",38.03.03,38.03.03 — Управление персоналом,253,📈 Растущий,0,🔴 Очень низкие,0.15,
Очно-бюджетная,"История, Биология, Русский язык, Математика",43.03.03,43.03.03 — Гостиничное дело,260,📉 Снижающийся,0,🔴 Очень низкие,0.15,
Очно-бюджетная,"История, Химия, Русский язык, Математика",43.03.03,43.03.03 — Гостиничное дело,260,📉 Снижающийся,0,🔴 Очень низкие,0.15,
Очно-бюджетная,"История, Физика, Русский язык, Математика",43.03.03,43.03.03 — Гостиничное дело,260,📉 Снижающийся,0,🔴 Очень низкие,0.15,
Очно-бюджетная,"История, Физика, Русский язык, Математика",27.03.05,27.03.05 —Инноватика,238,📉 Снижающийся,0,🟢 Высокие,0.85,
Очно-бюджетная,"История, География, Русский язык, Математика",43.03.03,43.03.03 — Гостиничное дело,260,📉 Снижающийся,0,🔴 Очень низкие,0.15,
Очно-бюджетная,"История, География, Русский язык, Математика",05.03.06,05.03.06 — Экология и природопользование,166,📈 Растущий,0,🟢 Высокие,0.85,
Очно-бюджетная,"История, Английский язык, Русский язык, Математика",43.03.03,43.03.03 — Гостиничное дело,260,📉 Снижающийся,0,🔴 Очень низкие,0.15,
Очно-бюджетная,"История, Английский язык, Русский язык, Математика",38.03.04,38.03.04 — Государственное и муниципальное управление,261,➡️ Стабильный,0,🔴 Очень низкие,0.15,
Очно-бюджетная,"История, Английский язык, Русский язык, Математика",38.03.01,38.03.01 — Экономика,257,📈 Растущий,0,🔴 Очень низкие,0.15,
Очно-бюджетная,"История, Английский язык, Русский язык, Математика",38.03.02,38.03.02 — Менеджмент,256,📈 Растущий,0,🔴 Очень низкие,0.15,
Очно-бюджетная,"История, Английский язык, Русский язык, Математика",38.03.03,38.03.03 — Управление персоналом,253,📈 Растущий,0,🔴 Очень низкие,0.15,
Очно-бюджетная,"Биология, Химия, Русский язык, Математика",,НАПРАВЛЕНИЯ НЕ НАЙДЕНЫ,,,,—,,
Очно-бюджетная,"Биология, Физика, Русский язык, Математика",27.03.05,27.03.05 —Инноватика,238,📉 Снижающийся,0,🟢 Высокие,0.85,
Очно-бюджетная,"Биология, География, Русский язык, Математика",05.03.06,05.03.06 — Экология и природопользование,166,📈 Растущий,0,🟢 Высокие,0.85,
Очно-бюджетная,"Биология, Английский язык, Русский язык, Математика",38.03.04,38.03.04 — Государственное и муниципальное управление,261,➡️ Стабильный,0,🔴 Очень низкие,0.15,
Очно-бюджетная,"Биология, Английский язык, Русский язык, Математика",43.03.03,43.03.03 — Гостиничное дело,260,📉 Снижающийся,0,🔴 Очень низкие,0.15,
Очно-бюджетная,"Биология, Английский язык, Русский язык, Математика",38.03.01,38.03.01 — Экономика,257,📈 Растущий,0,🔴 Очень низкие,0.15,
Очно-бюджетная,"Биология, Английский язык, Русский язык, Математика",38.03.02,38.03.02 — Менеджмент,256,📈 Растущий,0,🔴 Очень низкие,0.15,
Очно-бюджетная,"Биология, Английский язык, Русский язык, Математика",38.03.03,38.03.03 — Управление персоналом,253,📈 Растущий,0,🔴 Очень низкие,0.15,
Очно-бюджетная,"Химия, Физика, Русский язык, Математика",27.03.05,27.03.05 —Инноватика,238,📉 Снижающийся,0,🟢 Высокие,0.85,
Очно-бюджетная,"Химия, География, Русский язык, Математика",05.03.06,05.03.06 — Экология и природопользование,166,📈 Растущий,0,🟢 Высокие,0.85,
Очно-бюджетная,"Химия, Английский язык, Русский язык, Математика",38.03.04,38.03.04 — Государственное и муниципальное управление,261,➡️ Стабильный,0,🔴 Очень низкие,0.15,
Очно-бюджетная,"Химия, Английский язык, Русский язык, Математика",43.03.03,43.03.03 — Гостиничное дело,260,📉 Снижающийся,0,🔴 Очень низкие,0.15,
Очно-бюджетная,"Химия, Английский язык, Русский язык, Математика",38.03.01,38.03.01 — Экономика,257,📈 Растущий,0,🔴 Очень низкие,0.15,
Очно-бюджетная,"Химия, Английский язык, Русский язык, Математика",38.03.02,38.03.02 — Менеджмент,256,📈 Растущий,0,🔴 Очень низкие,0.15,
Очно-бюджетная,"Химия, Английский язык, Русский язык, Математика",38.03.03,38.03.03 — Управление персоналом,253,📈 Растущий,0,🔴 Очень низкие,0.15,
Очно-бюджетная,"Физика, География, Русский язык, Математика",27.03.05,27.03.05 —Инноватика,238,📉 Снижающийся,0,🟢 Высокие,0.85,
Очно-бюджетная,"Физика, География, Русский язык, Математика",05.03.06,05.03.06 — Экология и природопользование,166,📈 Растущий,0,🟢 Высокие,0.85,
Очно-бюджетная,"Физика, Английский язык, Русский язык, Математика",38.03.04,38.03.04 — Государственное и муниципальное управление,261,➡️ Стабильный,0,🔴 Очень низкие,0.15,
Очно-бюджетная,"Физика, Английский язык, Русский язык, Математика",43.03.03,43.03.03 — Гостиничное дело,260,📉 Снижающийся,0,🔴 Очень низкие,0.15,
Очно-бюджетная,"Физика, Английский язык, Русский язык, Математика",38.03.01,38.03.01 — Экономика,257,📈 Растущий,0,🔴 Очень низкие,0.15,
Очно-бюджетная,"Физика, Английский язык, Русский язык, Математика",38.03.02,38.03.02 — Менеджмент,256,📈 Растущий,0,🔴 Очень низкие,0.15,
Очно-бюджетная,"Физика, Английский язык, Русский язык, Математика",38.03.03,38.03.03 — Управление персоналом,253,📈 Растущий,0,🔴 Очень низкие,0.15,
Очно-бюджетная,"География, Английский язык, Русский язык, Математика",38.03.04,38.03.04 — Государственное и муниципальное управление,261,➡️ Стабильный,0,🔴 Очень низкие,0.15,
Очно-бюджетная,"География, Английский язык, Русский язык, Математика",43.03.03,43.03.03 — Гостиничное дело,260,📉 Снижающийся,0,🔴 Очень низкие,0.15,
Очно-бюджетная,"География, Английский язык, Русский язык, Математика",38.03.01,38.03.01 — Экономика,257,📈 Растущий,0,🔴 Очень низкие,0.15,
Очно-бюджетная,"География, Английский язык, Русский язык, Математика",38.03.02,38.03.02 — Менеджмент,256,📈 Растущий,0,🔴 Очень низкие,0.15,
Очно-бюджетная,"География, Английский язык, Русский язык, Математика",38.03.03,38.03.03 — Управление персоналом,253,📈 Растущий,0,🔴 Очень низкие,0.15,
Очно-бюджетная,"Математика, Информатика, Обществознание, Русский язык",38.03.05,38.03.05 — Бизнес-информатика,261,📈 Растущий,0,🔴 Очень низкие,0.15,
Очно-бюджетная,"Математика, Информатика, Обществознание, Русский язык",38.03.04,38.03.04 — Государственное и муниципальное управление,261,➡️ Стабильный,0,🔴 Очень низкие,0.15,
Очно-бюджетная,"Математика, Информатика, Обществознание, Русский язык",43.03.03,43.03.03 — Гостиничное дело,260,📉 Снижающийся,0,🔴 Очень низкие,0.15,
Очно-бюджетная,"Математика, Информатика, Обществознание, Русский язык",38.03.01,38.03.01 — Экономика,257,📈 Растущий,0,🔴 Очень низкие,0.15,
Очно-бюджетная,"Математика, Информатика, Обществознание, Русский язык",38.03.02,38.03.02 — Менеджмент,256,📈 Растущий,0,🔴 Очень низкие,0.15,
Очно-бюджетная,"Математика, Информатика, История, Русский язык",38.03.05,38.03.05 — Бизнес-информатика,261,📈 Растущий,0,🔴 Очень низкие,0.15,
Очно-бюджетная,"Математика, Информатика, История, Русский язык",43.03.03,43.03.03 — Гостиничное дело,260,📉 Снижающийся,0,🔴 Очень низкие,0.15,
Очно-бюджетная,"Математика, Информатика, История, Русский язык",27.03.05,27.03.05 —Инноватика,238,📉 Снижающийся,0,🟢 Высокие,0.85,
Очно-бюджетная,"Математика, Информатика, История, Русский язык",05.03.06,05.03.06 — Экология и природопользование,166,📈 Растущий,0,🟢 Высокие,0.85,
Очно-бюджетная,"Математика, Информатика, Биология, Русский язык",38.03.05,38.03.05 — Бизнес-информатика,261,📈 Растущий,0,🔴 Очень низкие,0.15,
Очно-бюджетная,"Математика, Информатика, Биология, Русский язык",27.03.05,27.03.05 —Инноватика,238,📉 Снижающийся,0,🟢 Высокие,0.85,
Очно-бюджетная,"Математика, Информатика, Биология, Русский язык",05.03.06,05.03.06 — Экология и природопользование,166,📈 Растущий,0,🟢 Высокие,0.85,
Очно-бюджетная,"Математика, Информатика, Химия, Русский язык",38.03.05,38.03.05 — Бизнес-информатика,261,📈 Растущий,0,🔴 Очень низкие,0.15,
Очно-бюджетная,"Математика, Информатика, Химия, Русский язык",27.03.05,27.03.05 —Инноватика,238,📉 Снижающийся,0,🟢 Высокие,0.85,
Очно-бюджетная,"Математика, Информатика, Химия, Русский язык",05.03.06,05.03.06 — Экология и природопользование,166,📈 Растущий,0,🟢 Высокие,0.85,
Очно-бюджетная,"Математика, Информатика, Физика, Русский язык",27.03.05,27.03.05 —Инноватика,238,📉 Снижающийся,0,🟢 Высокие,0.85,
Очно-бюджетная,"Математика, Информатика, Физика, Русский язык",38.03.05,38.03.05 — Бизнес-информатика,261,📈 Растущий,0,🔴 Очень низкие,0.15,
Очно-бюджетная,"Математика, Информатика, Физика, Русский язык",05.03.06,05.03.06 — Экология и природопользование,166,📈 Растущий,0,🟢 Высокие,0.85,
Очно-бюджетная,"Математика, Информатика, География, Русский язык",05.03.06,05.03.06 — Экология и природопользование,166,📈 Растущий,0,🟢 Высокие,0.85,
Очно-бюджетная,"Математика, Информатика, География, Русский язык",38.03.05,38.03.05 — Бизнес-информатика,261,📈 Растущий,0,🔴 Очень низкие,0.15,
Очно-бюджетная,"Математика, Информатика, География, Русский язык",27.03.05,27.03.05 —Инноватика,238,📉 Снижающийся,0,🟢 Высокие,0.85,
Очно-бюджетная,"Математика, Информатика, Английский язык, Русский язык",38.03.04,38.03.04 — Государственное и муниципальное управление,261,➡️ Стабильный,0,🔴 Очень низкие,0.15,
Очно-бюджетная,"Математика, Информатика, Английский язык, Русский язык",38.03.05,38.03.05 — Бизнес-информатика,261,📈 Растущий,0,🔴 Очень низкие,0.15,
Очно-бюджетная,"Математика, Информатика, Английский язык, Русский язык",43.03.03,43.03.03 — Гостиничное дело,260,📉 Снижающийся,0,🔴 Очень низкие,0.15,
Очно-бюджетная,"Математика, Информатика, Английский язык, Русский язык",38.03.01,38.03.01 — Экономика,257,📈 Растущий,0,🔴 Очень низкие,0.15,
Очно-бюджетная,"Математика, Информатика, Английский язык, Русский язык",38.03.02,38.03.02 — Менеджмент,256,📈 Растущий,0,🔴 Очень низкие,0.15,
Очно-бюджетная,"Математика, Обществознание, История, Русский язык",43.03.03,43.03.03 — Гостиничное дело,260,📉 Снижающийся,0,🔴 Очень низкие,0.15,
Очно-бюджетная,"Математика, Обществознание, История, Русский язык",38.03.04,38.03.04 — Государственное и муниципальное управление,261,➡️ Стабильный,0,🔴 Очень низкие,0.15,
Очно-бюджетная,"Математика, Обществознание, История, Русский язык",38.03.05,38.03.05 — Бизнес-информатика,261,📈 Растущий,0,🔴 Очень низкие,0.15,
Очно-бюджетная,"Математика, Обществознание, История, Русский язык",38.03.01,38.03.01 — Экономика,257,📈 Растущий,0,🔴 Очень низкие,0.15,
Очно-бюджетная,"Математика, Обществознание, История, Русский язык",38.03.02,38.03.02 — Менеджмент,256,📈 Растущий,0,🔴 Очень низкие,0.15,
Очно-бюджетная,"Математика, Обществознание, Биология, Русский язык",38.03.04,38.03.04 — Государственное и муниципальное управление,261,➡️ Стабильный,0,🔴 Очень низкие,0.15,
Очно-бюджетная,"Математика, Обществознание, Биология, Русский язык",38.03.05,38.03.05 — Бизнес-информатика,261,📈 Растущий,0,🔴 Очень низкие,0.15,
Очно-бюджетная,"Математика, Обществознание, Биология, Русский язык",43.03.03,43.03.03 — Гостиничное дело,260,📉 Снижающийся,0,🔴 Очень низкие,0.15,
Очно-бюджетная,"Математика, Обществознание, Биология, Русский язык",38.03.01,38.03.01 — Экономика,257,📈 Растущий,0,🔴 Очень низкие,0.15,
Очно-бюджетная,"Математика, Обществознание, Биология, Русский язык",38.03.02,38.03.02 — Менеджмент,256,📈 Растущий,0,🔴 Очень низкие,0.15,
Очно-бюджетная,"Математика, Обществознание, Химия, Русский язык",38.03.04,38.03.04 — Государственное и муниципальное управление,261,➡️ Стабильный,0,🔴 Очень низкие,0.15,
Очно-бюджетная,"Математика, Обществознание, Химия, Русский язык",38.03.05,38.03.05 — Бизнес-информатика,261,📈 Растущий,0,🔴 Очень низкие,0.15,
Очно-бюджетная,"Математика, Обществознание, Химия, Русский язык",43.03.03,43.03.03 — Гостиничное дело,260,📉 Снижающийся,0,🔴 Очень низкие,0.15,
Очно-бюджетная,"Математика, Обществознание, Химия, Русский язык",38.03.01,38.03.01 — Экономика,257,📈 Растущий,0,🔴 Очень низкие,0.15,
Очно-бюджетная,"Математика, Обществознание, Химия, Русский язык",38.03.02,38.03.02 — Менеджмент,256,📈 Растущий,0,🔴 Очень низкие,0.15,
Очно-бюджетная,"Математика, Обществознание, Физика, Русский язык",38.03.04,38.03.04 — Государственное и муниципальное управление,261,➡️ Стабильный,0,🔴 Очень низкие,0.15,
Очно-бюджетная,"Математика, Обществознание, Физика, Русский язык",38.03.05,38.03.05 — Бизнес-информатика,261,📈 Растущий,0,🔴 Очень низкие,0.15,
Очно-бюджетная,"Математика, Обществознание, Физика, Русский язык",43.03.03,43.03.03 — Гостиничное дело,260,📉 Снижающийся,0,🔴 Очень низкие,0.15,
Очно-бюджетная,"Математика, Обществознание, Физика, Русский язык",38.03.01,38.03.01 — Экономика,257,📈 Растущий,0,🔴 Очень низкие,0.15,
Очно-бюджетная,"Математика, Обществознание, Физика, Русский язык",38.03.02,38.03.02 — Менеджмент,256,📈 Растущий,0,🔴 Очень низкие,0.15,
Очно-бюджетная,"Математика, Обществознание, География, Русский язык",38.03.04,38.03.04 — Государственное и муниципальное управление,261,➡️ Стабильный,0,🔴 Очень низкие,0.15,
Очно-бюджетная,"Математика, Обществознание, География, Русский язык",38.03.05,38.03.05 — Бизнес-информатика,261,📈 Растущий,0,🔴 Очень низкие,0.15,
Очно-бюджетная,"Математика, Обществознание, География, Русский язык",43.03.03,43.03.03 — Гостиничное дело,260,📉 Снижающийся,0,🔴 Очень низкие,0.15,
Очно-бюджетная,"Математика, Обществознание, География, Русский язык",38.03.01,38.03.01 — Экономика,257,📈 Растущий,0,🔴 Очень низкие,0.15,
Очно-бюджетная,"Математика, Обществознание, География, Русский язык",38.03.02,38.03.02 — Менеджмент,256,📈 Растущий,0,🔴 Очень низкие,0.15,
Очно-бюджетная,"Математика, Обществознание, Английский язык, Русский язык",38.03.04,38.03.04 — Государственное и муниципальное управление,261,➡️ Стабильный,0,🔴 Очень низкие,0.15,
Очно-бюджетная,"Математика, Обществознание, Английский язык, Русский язык",43.03.03,43.03.03 — Гостиничное дело,260,📉 Снижающийся,0,🔴 Очень низкие,0.15,
Очно-бюджетная,"Математика, Обществознание, Английский язык, Русский язык",38.03.01,38.03.01 — Экономика,257,📈 Растущий,0,🔴 Очень низкие,0.15,
Очно-бюджетная,"Математика, Обществознание, Английский язык, Русский язык",38.03.02,38.03.02 — Менеджмент,256,📈 Растущий,0,🔴 Очень низкие,0.15,
Очно-бюджетная,"Математика, Обществознание, Английский язык, Русский язык",38.03.03,38.03.03 — Управление персоналом,253,📈 Растущий,0,🔴 Очень низкие,0.15,
Очно-бюджетная,"Математика, История, Биология, Русский язык",43.03.03,43.03.03 — Гостиничное дело,260,📉 Снижающийся,0,🔴 Очень низкие,0.15,
Очно-бюджетная,"Математика, История, Химия, Русский язык",43.03.03,43.03.03 — Гостиничное дело,260,📉 Снижающийся,0,🔴 Очень низкие,0.15,
Очно-бюджетная,"Математика, История, Физика, Русский язык",43.03.03,43.03.03 — Гостиничное дело,260,📉 Снижающийся,0,🔴 Очень низкие,0.15,
Очно-бюджетная,"Математика, История, Физика, Русский язык",27.03.05,27.03.05 —Инноватика,238,📉 Снижающийся,0,🟢 Высокие,0.85,
Очно-бюджетная,"Математика, История, География, Русский язык",43.03.03,43.03.03 — Гостиничное дело,260,📉 Снижающийся,0,🔴 Очень низкие,0.15,
Очно-бюджетная,"Математика, История, География, Русский язык",05.03.06,05.03.06 — Экология и природопользование,166,📈 Растущий,0,🟢 Высокие,0.85,
Очно-бюджетная,"Математика, История, Английский язык, Русский язык",43.03.03,43.03.03 — Гостиничное дело,260,📉 Снижающийся,0,🔴 Очень низкие,0.15,
Очно-бюджетная,"Математика, История, Английский язык, Русский язык",38.03.04,38.03.04 — Государственное и муниципальное управление,261,➡️ Стабильный,0,🔴 Очень низкие,0.15,
Очно-бюджетная,"Математика, История, Английский язык, Русский язык",38.03.01,38.03.01 — Экономика,257,📈 Растущий,0,🔴 Очень низкие,0.15,
Очно-бюджетная,"Математика, История, Английский язык, Русский язык",38.03.02,38.03.02 — Менеджмент,256,📈 Растущий,0,🔴 Очень низкие,0.15,
Очно-бюджетная,"Математика, История, Английский язык, Русский язык",38.03.03,38.03.03 — Управление персоналом,253,📈 Растущий,0,🔴 Очень низкие,0.15,
Очно-бюджетная,"Математика, Биология, Химия, Русский язык",,НАПРАВЛЕНИЯ НЕ НАЙДЕНЫ,,,,—,,
Очно-бюджетная,"Математика, Биология, Физика, Русский язык",27.03.05,27.03.05 —Инноватика,238,📉 Снижающийся,0,🟢 Высокие,0.85,
Очно-бюджетная,"Математика, Биология, География, Русский язык",05.03.06,05.03.06 — Экология и природопользование,166,📈 Растущий,0,🟢 Высокие,0.85,
Очно-бюджетная,"Математика, Биология, Английский язык, Русский язык",38.03.04,38.03.04 — Государственное и муниципальное управление,261,➡️ Стабильный,0,🔴 Очень низкие,0.15,
Очно-бюджетная,"Математика, Биология, Английский язык, Русский язык",43.03.03,43.03.03 — Гостиничное дело,260,📉 Снижающийся,0,🔴 Очень низкие,0.15,
Очно-бюджетная,"Математика, Биология, Английский язык, Русский язык",38.03.01,38.03.01 — Экономика,257,📈 Растущий,0,🔴 Очень низкие,0.15,
Очно-бюджетная,"Математика, Биология, Английский язык, Русский язык",38.03.02,38.03.02 — Менеджмент,256,📈 Растущий,0,🔴 Очень низкие,0.15,
Очно-бюджетная,"Математика, Биология, Английский язык, Русский язык",38.03.03,38.03.03 — Управление персоналом,253,📈 Растущий,0,🔴 Очень низкие,0.15,
Очно-бюджетная,"Математика, Химия, Физика, Русский язык",27.03.05,27.03.05 —Инноватика,238,📉 Снижающийся,0,🟢 Высокие,0.85,
Очно-бюджетная,"Математика, Химия, География, Русский язык",05.03.06,05.03.06 — Экология и природопользование,166,📈 Растущий,0,🟢 Высокие,0.85,
Очно-бюджетная,"Математика, Химия, Английский язык, Русский язык",38.03.04,38.03.04 — Государственное и муниципальное управление,261,➡️ Стабильный,0,🔴 Очень низкие,0.15,
Очно-бюджетная,"Математика, Химия, Английский язык, Русский язык",43.03.03,43.03.03 — Гостиничное дело,260,📉 Снижающийся,0,🔴 Очень низкие,0.15,
Очно-бюджетная,"Математика, Химия, Английский язык, Русский язык",38.03.01,38.03.01 — Экономика,257,📈 Растущий,0,🔴 Очень низкие,0.15,
Очно-бюджетная,"Математика, Химия, Английский язык, Русский язык",38.03.02,38.03.02 — Менеджмент,256,📈 Растущий,0,🔴 Очень низкие,0.15,
Очно-бюджетная,"Математика, Химия, Английский язык, Русский язык",38.03.03,38.03.03 — Управление персоналом,253,📈 Растущий,0,🔴 Очень низкие,0.15,
Очно-бюджетная,"Математика, Физика, География, Русский язык",27.03.05,27.03.05 —Инноватика,238,📉 Снижающийся,0,🟢 Высокие,0.85,
Очно-бюджетная,"Математика, Физика, География, Русский язык",05.03.06,05.03.06 — Экология и природопользование,166,📈 Растущий,0,🟢 Высокие,0.85,
Очно-бюджетная,"Математика, Физика, Английский язык, Русский язык",38.03.04,38.03.04 — Государственное и муниципальное управление,261,➡️ Стабильный,0,🔴 Очень низкие,0.15,
Очно-бюджетная,"Математика, Физика, Английский язык, Русский язык",43.03.03,43.03.03 — Гостиничное дело,260,📉 Снижающийся,0,🔴 Очень низкие,0.15,
Очно-бюджетная,"Математика, Физика, Английский язык, Русский язык",38.03.01,38.03.01 — Экономика,257,📈 Растущий,0,🔴 Очень низкие,0.15,
Очно-бюджетная,"Математика, Физика, Английский язык, Русский язык",38.03.02,38.03.02 — Менеджмент,256,📈 Растущий,0,🔴 Очень низкие,0.15,
Очно-бюджетная,"Математика, Физика, Английский язык, Русский язык",38.03.03,38.03.03 — Управление персоналом,253,📈 Растущий,0,🔴 Очень низкие,0.15,
Очно-бюджетная,"Математика, География, Английский язык, Русский язык",38.03.04,38.03.04 — Государственное и муниципальное управление,261,➡️ Стабильный,0,🔴 Очень низкие,0.15,
Очно-бюджетная,"Математика, География, Английский язык, Русский язык",43.03.03,43.03.03 — Гостиничное дело,260,📉 Снижающийся,0,🔴 Очень низкие,0.15,
Очно-бюджетная,"Математика, География, Английский язык, Русский язык",38.03.01,38.03.01 — Экономика,257,📈 Растущий,0,🔴 Очень низкие,0.15,
Очно-бюджетная,"Математика, География, Английский язык, Русский язык",38.03.02,38.03.02 — Менеджмент,256,📈 Растущий,0,🔴 Очень низкие,0.15,
Очно-бюджетная,"Математика, География, Английский язык, Русский язык",38.03.03,38.03.03 — Управление персоналом,253,📈 Растущий,0,🔴 Очень низкие,0.15,
Очно-бюджетная,"Информатика, Обществознание, История, Русский язык, Математика",38.03.05,38.03.05 — Бизнес-информатика,261,📈 Растущий,0,🔴 Очень низкие,0.15,
Очно-бюджетная,"Информатика, Обществознание, История, Русский язык, Математика",43.03.03,43.03.03 — Гостиничное дело,260,📉 Снижающийся,0,🔴 Очень низкие,0.15,
Очно-бюджетная,"Информатика, Обществознание, История, Русский язык, Математика",38.03.04,38.03.04 — Государственное и муниципальное управление,261,➡️ Стабильный,0,🔴 Очень низкие,0.15,
Очно-бюджетная,"Информатика, Обществознание, История, Русский язык, Математика",38.03.01,38.03.01 — Экономика,257,📈 Растущий,0,🔴 Очень низкие,0.15,
Очно-бюджетная,"Информатика, Обществознание, История, Русский язык, Математика",38.03.02,38.03.02 — Менеджмент,256,📈 Растущий,0,🔴 Очень низкие,0.15,
Очно-бюджетная,"Информатика, Обществознание, Биология, Русский язык, Математика",38.03.05,38.03.05 — Бизнес-информатика,261,📈 Растущий,0,🔴 Очень низкие,0.15,
Очно-бюджетная,"Информатика, Обществознание, Биология, Русский язык, Математика",38.03.04,38.03.04 — Государственное и муниципальное управление,261,➡️ Стабильный,0,🔴 Очень низкие,0.15,
Очно-бюджетная,"Информатика, Обществознание, Биология, Русский язык, Математика",43.03.03,43.03.03 — Гостиничное дело,260,📉 Снижающийся,0,🔴 Очень низкие,0.15,
Очно-бюджетная,"Информатика, Обществознание, Биология, Русский язык, Математика",38.03.01,38.03.01 — Экономика,257,📈 Растущий,0,🔴 Очень низкие,0.15,
Очно-бюджетная,"Информатика, Обществознание, Биология, Русский язык, Математика",38.03.02,38.03.02 — Менеджмент,256,📈 Растущий,0,🔴 Очень низкие,0.15,
Очно-бюджетная,"Информатика, Обществознание, Химия, Русский язык, Математика",38.03.05,38.03.05 — Бизнес-информатика,261,📈 Растущий,0,🔴 Очень низкие,0.15,
Очно-бюджетная,"Информатика, Обществознание, Химия, Русский язык, Математика",38.03.04,38.03.04 — Государственное и муниципальное управление,261,➡️ Стабильный,0,🔴 Очень низкие,0.15,
Очно-бюджетная,"Информатика, Обществознание, Химия, Русский язык, Математика",43.03.03,43.03.03 — Гостиничное дело,260,📉 Снижающийся,0,🔴 Очень низкие,0.15,
Очно-бюджетная,"Информатика, Обществознание, Химия, Русский язык, Математика",38.03.01,38.03.01 — Экономика,257,📈 Растущий,0,🔴 Очень низкие,0.15,
Очно-бюджетная,"Информатика, Обществознание, Химия, Русский язык, Математика",38.03.02,38.03.02 — Менеджмент,256,📈 Растущий,0,🔴 Очень низкие,0.15,
Очно-бюджетная,"Информатика, Обществознание, Физика, Русский язык, Математика",38.03.05,38.03.05 — Бизнес-информатика,261,📈 Растущий,0,🔴 Очень низкие,0.15,
Очно-бюджетная,"Информатика, Обществознание, Физика, Русский язык, Математика",27.03.05,27.03.05 —Инноватика,238,📉 Снижающийся,0,🟢 Высокие,0.85,
Очно-бюджетная,"Информатика, Обществознание, Физика, Русский язык, Математика",38.03.04,38.03.04 — Государственное и муниципальное управление,261,➡️ Стабильный,0,🔴 Очень низкие,0.15,
Очно-бюджетная,"Информатика, Обществознание, Физика, Русский язык, Математика",43.03.03,43.03.03 — Гостиничное дело,260,📉 Снижающийся,0,🔴 Очень низкие,0.15,
Очно-бюджетная,"Информатика, Обществознание, Физика, Русский язык, Математика",38.03.01,38.03.01 — Экономика,257,📈 Растущий,0,🔴 Очень низкие,0.15,
Очно-бюджетная,"Информатика, Обществознание, География, Русский язык, Математика",38.03.05,38.03.05 — Бизнес-информатика,261,📈 Растущий,0,🔴 Очень низкие,0.15,
Очно-бюджетная,"Информатика, Обществознание, География, Русский язык, Математика",05.03.06,05.03.06 — Экология и природопользование,166,📈 Растущий,0,🟢 Высокие,0.85,
Очно-бюджетная,"Информатика, Обществознание, География, Русский язык, Математика",38.03.04,38.03.04 — Государственное и муниципальное управление,261,➡️ Стабильный,0,🔴 Очень низкие,0.15,
Очно-бюджетная,"Информатика, Обществознание, География, Русский язык, Математика",43.03.03,43.03.03 — Гостиничное дело,260,📉 Снижающийся,0,🔴 Очень низкие,0.15,
Очно-бюджетная,"Информатика, Обществознание, География, Русский язык, Математика",38.03.01,38.03.01 — Экономика,257,📈 Растущий,0,🔴 Очень низкие,0.15,
Очно-бюджетная,"Информатика, Обществознание, Английский язык, Русский язык, Математика",38.03.04,38.03.04 — Государственное и муниципальное управление,261,➡️ Стабильный,0,🔴 Очень низкие,0.15,
Очно-бюджетная,"Информатика, Обществознание, Английский язык, Русский язык, Математика",38.03.05,38.03.05 — Бизнес-информатика,261,📈 Растущий,0,🔴 Очень низкие,0.15,
Очно-бюджетная,"Информатика, Обществознание, Английский язык, Русский язык, Математика",43.03.03,43.03.03 — Гостиничное дело,260,📉 Снижающийся,0,🔴 Очень низкие,0.15,
Очно-бюджетная,"Информатика, Обществознание, Английский язык, Русский язык, Математика",38.03.01,38.03.01 — Экономика,257,📈 Растущий,0,🔴 Очень низкие,0.15,
Очно-бюджетная,"Информатика, Обществознание, Английский язык, Русский язык, Математика",38.03.02,38.03.02 — Менеджмент,256,📈 Растущий,0,🔴 Очень низкие,0.15,
Очно-бюджетная,"Информатика, История, Биология, Русский язык, Математика",38.03.05,38.03.05 — Бизнес-информатика,261,📈 Растущий,0,🔴 Очень низкие,0.15,
Очно-бюджетная,"Информатика, История, Биология, Русский язык, Математика",43.03.03,43.03.03 — Гостиничное дело,260,📉 Снижающийся,0,🔴 Очень низкие,0.15,
Очно-бюджетная,"Информатика, История, Биология, Русский язык, Математика",27.03.05,27.03.05 —Инноватика,238,📉 Снижающийся,0,🟢 Высокие,0.85,
Очно-бюджетная,"Информатика, История, Биология, Русский язык, Математика",05.03.06,05.03.06 — Экология и природопользование,166,📈 Растущий,0,🟢 Высокие,0.85,
Очно-бюджетная,"Информатика, История, Химия, Русский язык, Математика",38.03.05,38.03.05 — Бизнес-информатика,261,📈 Растущий,0,🔴 Очень низкие,0.15,
Очно-бюджетная,"Информатика, История, Химия, Русский язык, Математика",43.03.03,43.03.03 — Гостиничное дело,260,📉 Снижающийся,0,🔴 Очень низкие,0.15,
Очно-бюджетная,"Информатика, История, Химия, Русский язык, Математика",27.03.05,27.03.05 —Инноватика,238,📉 Снижающийся,0,🟢 Высокие,0.85,
Очно-бюджетная,"Информатика, История, Химия, Русский язык, Математика",05.03.06,05.03.06 — Экология и природопользование,166,📈 Растущий,0,🟢 Высокие,0.85,
Очно-бюджетная,"Информатика, История, Физика, Русский язык, Математика",27.03.05,27.03.05 —Инноватика,238,📉 Снижающийся,0,🟢 Высокие,0.85,
Очно-бюджетная,"Информатика, История, Физика, Русский язык, Математика",38.03.05,38.03.05 — Бизнес-информатика,261,📈 Растущий,0,🔴 Очень низкие,0.15,
Очно-бюджетная,"Информатика, История, Физика, Русский язык, Математика",43.03.03,43.03.03 — Гостиничное дело,260,📉 Снижающийся,0,🔴 Очень низкие,0.15,
Очно-бюджетная,"Информатика, История, Физика, Русский язык, Математика",05.03.06,05.03.06 — Экология и природопользование,166,📈 Растущий,0,🟢 Высокие,0.85,
Очно-бюджетная,"Информатика, История, География, Русский язык, Математика",05.03.06,05.03.06 — Экология и природопользование,166,📈 Растущий,0,🟢 Высокие,0.85,
Очно-бюджетная,"Информатика, История, География, Русский язык, Математика",38.03.05,38.03.05 — Бизнес-информатика,261,📈 Растущий,0,🔴 Очень низкие,0.15,
Очно-бюджетная,"Информатика, История, География, Русский язык, Математика",43.03.03,43.03.03 — Гостиничное дело,260,📉 Снижающийся,0,🔴 Очень низкие,0.15,
Очно-бюджетная,"Информатика, История, География, Русский язык, Математика",27.03.05,27.03.05 —Инноватика,238,📉 Снижающийся,0,🟢 Высокие,0.85,
Очно-бюджетная,"Информатика, История, Английский язык, Русский язык, Математика",43.03.03,43.03.03 — Гостиничное дело,260,📉 Снижающийся,0,🔴 Очень низкие,0.15,
Очно-бюджетная,"Информатика, История, Английский язык, Русский язык, Математика",38.03.04,38.03.04 — Государственное и муниципальное управление,261,➡️ Стабильный,0,🔴 Очень низкие,0.15,
Очно-бюджетная,"Информатика, История, Английский язык, Русский язык, Математика",38.03.05,38.03.05 — Бизнес-информатика,261,📈 Растущий,0,🔴 Очень низкие,0.15,
Очно-бюджетная,"Информатика, История, Английский язык, Русский язык, Математика",38.03.01,38.03.01 — Экономика,257,📈 Растущий,0,🔴 Очень низкие,0.15,
Очно-бюджетная,"Информатика, История, Английский язык, Русский язык, Математика",38.03.02,38.03.02 — Менеджмент,256,📈 Растущий,0,🔴 Очень низкие,0.15,
Очно-бюджетная,"Информатика, Биология, Химия, Русский язык, Математика",38.03.05,38.03.05 — Бизнес-информатика,261,📈 Растущий,0,🔴 Очень низкие,0.15,
Очно-бюджетная,"Информатика, Биология, Химия, Русский язык, Математика",27.03.05,27.03.05 —Инноватика,238,📉 Снижающийся,0,🟢 Высокие,0.85,
Очно-бюджетная,"Информатика, Биология, Химия, Русский язык, Математика",05.03.06,05.03.06 — Экология и природопользование,166,📈 Растущий,0,🟢 Высокие,0.85,
Очно-бюджетная,"Информатика, Биология, Физика, Русский язык, Математика",27.03.05,27.03.05 —Инноватика,238,📉 Снижающийся,0,🟢 Высокие,0.85,
Очно-бюджетная,"Информатика, Биология, Физика, Русский язык, Математика",38.03.05,38.03.05 — Бизнес-информатика,261,📈 Растущий,0,🔴 Очень низкие,0.15,
Очно-бюджетная,"Информатика, Биология, Физика, Русский язык, Математика",05.03.06,05.03.06 — Экология и природопользование,166,📈 Растущий,0,🟢 Высокие,0.85,
Очно-бюджетная,"Информатика, Биология, География, Русский язык, Математика",05.03.06,05.03.06 — Экология и природопользование,166,📈 Растущий,0,🟢 Высокие,0.85,
Очно-бюджетная,"Информатика, Биология, География, Русский язык, Математика",38.03.05,38.03.05 — Бизнес-информатика,261,📈 Растущий,0,🔴 Очень низкие,0.15,
Очно-бюджетная,"Информатика, Биология, География, Русский язык, Математика",27.03.05,27.03.05 —Инноватика,238,📉 Снижающийся,0,🟢 Высокие,0.85,
Очно-бюджетная,"Информатика, Биология, Английский язык, Русский язык, Математика",38.03.04,38.03.04 — Государственное и муниципальное управление,261,➡️ Стабильный,0,🔴 Очень низкие,0.15,
Очно-бюджетная,"Информатика, Биология, Английский язык, Русский язык, Математика",38.03.05,38.03.05 — Бизнес-информатика,261,📈 Растущий,0,🔴 Очень низкие,0.15,
Очно-бюджетная,"Информатика, Биология, Английский язык, Русский язык, Математика",43.03.03,43.03.03 — Гостиничное дело,260,📉 Снижающийся,0,🔴 Очень низкие,0.15,
Очно-бюджетная,"Информатика, Биология, Английский язык, Русский язык, Математика",38.03.01,38.03.01 — Экономика,257,📈 Растущий,0,🔴 Очень низкие,0.15,
Очно-бюджетная,"Информатика, Биология, Английский язык, Русский язык, Математика",38.03.02,38.03.02 — Менеджмент,256,📈 Растущий,0,🔴 Очень низкие,0.15,
Очно-бюджетная,"Информатика, Химия, Физика, Русский язык, Математика",27.03.05,27.03.05 —Инноватика,238,📉 Снижающийся,0,🟢 Высокие,0.85,
Очно-бюджетная,"Информатика, Химия, Физика, Русский язык, Математика",38.03.05,38.03.05 — Бизнес-информатика,261,📈 Растущий,0,🔴 Очень низкие,0.15,
Очно-бюджетная,"Информатика, Химия, Физика, Русский язык, Математика",05.03.06,05.03.06 — Экология и природопользование,166,📈 Растущий,0,🟢 Высокие,0.85,
Очно-бюджетная,"Информатика, Химия, География, Русский язык, Математика",05.03.06,05.03.06 — Экология и природопользование,166,📈 Растущий,0,🟢 Высокие,0.85,
Очно-бюджетная,"Информатика, Химия, География, Русский язык, Математика",38.03.05,38.03.05 — Бизнес-информатика,261,📈 Растущий,0,🔴 Очень низкие,0.15,
Очно-бюджетная,"Информатика, Химия, География, Русский язык, Математика",27.03.05,27.03.05 —Инноватика,238,📉 Снижающийся,0,🟢 Высокие,0.85,
Очно-бюджетная,"Информатика, Химия, Английский язык, Русский язык, Математика",38.03.04,38.03.04 — Государственное и муниципальное управление,261,➡️ Стабильный,0,🔴 Очень низкие,0.15,
Очно-бюджетная,"Информатика, Химия, Английский язык, Русский язык, Математика",38.03.05,38.03.05 — Бизнес-информатика,261,📈 Растущий,0,🔴 Очень низкие,0.15,
Очно-бюджетная,"Информатика, Химия, Английский язык, Русский язык, Математика",43.03.03,43.03.03 — Гостиничное дело,260,📉 Снижающийся,0,🔴 Очень низкие,0.15,
Очно-бюджетная,"Информатика, Химия, Английский язык, Русский язык, Математика",38.03.01,38.03.01 — Экономика,257,📈 Растущий,0,🔴 Очень низкие,0.15,
Очно-бюджетная,"Информатика, Химия, Английский язык, Русский язык, Математика",38.03.02,38.03.02 — Менеджмент,256,📈 Растущий,0,🔴 Очень низкие,0.15,
Очно-бюджетная,"Информатика, Физика, География, Русский язык, Математика",27.03.05,27.03.05 —Инноватика,238,📉 Снижающийся,0,🟢 Высокие,0.85,
Очно-бюджетная,"Информатика, Физика, География, Русский язык, Математика",05.03.06,05.03.06 — Экология и природопользование,166,📈 Растущий,0,🟢 Высокие,0.85,
Очно-бюджетная,"Информатика, Физика, География, Русский язык, Математика",38.03.05,38.03.05 — Бизнес-информатика,261,📈 Растущий,0,🔴 Очень низкие,0.15,
Очно-бюджетная,"Информатика, Физика, Английский язык, Русский язык, Математика",27.03.05,27.03.05 —Инноватика,238,📉 Снижающийся,0,🟢 Высокие,0.85,
Очно-бюджетная,"Информатика, Физика, Английский язык, Русский язык, Математика",38.03.04,38.03.04 — Государственное и муниципальное управление,261,➡️ Стабильный,0,🔴 Очень низкие,0.15,
Очно-бюджетная,"Информатика, Физика, Английский язык, Русский язык, Математика",38.03.05,38.03.05 — Бизнес-информатика,261,📈 Растущий,0,🔴 Очень низкие,0.15,
Очно-бюджетная,"Информатика, Физика, Английский язык, Русский язык, Математика",43.03.03,43.03.03 — Гостиничное дело,260,📉 Снижающийся,0,🔴 Очень низкие,0.15,
Очно-бюджетная,"Информатика, Физика, Английский язык, Русский язык, Математика",38.03.01,38.03.01 — Экономика,257,📈 Растущий,0,🔴 Очень низкие,0.15,
Очно-бюджетная,"Информатика, География, Английский язык, Русский язык, Математика",05.03.06,05.03.06 — Экология и природопользование,166,📈 Растущий,0,🟢 Высокие,0.85,
Очно-бюджетная,"Информатика, География, Английский язык, Русский язык, Математика",38.03.04,38.03.04 — Государственное и муниципальное управление,261,➡️ Стабильный,0,🔴 Очень низкие,0.15,
Очно-бюджетная,"Информатика, География, Английский язык, Русский язык, Математика",38.03.05,38.03.05 — Бизнес-информатика,261,📈 Растущий,0,🔴 Очень низкие,0.15,
Очно-бюджетная,"Информатика, География, Английский язык, Русский язык, Математика",43.03.03,43.03.03 — Гостиничное дело,260,📉 Снижающийся,0,🔴 Очень низкие,0.15,
Очно-бюджетная,"Информатика, География, Английский язык, Русский язык, Математика",38.03.01,38.03.01 — Экономика,257,📈 Растущий,0,🔴 Очень низкие,0.15,
Очно-бюджетная,"Обществознание, История, Биология, Русский язык, Математика",43.03.03,43.03.03 — Гостиничное дело,260,📉 Снижающийся,0,🔴 Очень низкие,0.15,
Очно-бюджетная,"Обществознание, История, Биология, Русский язык, Математика",38.03.04,38.03.04 — Государственное и муниципальное управление,261,➡️ Стабильный,0,🔴 Очень низкие,0.15,
Очно-бюджетная,"Обществознание, История, Биология, Русский язык, Математика",38.03.05,38.03.05 — Бизнес-информатика,261,📈 Растущий,0,🔴 Очень низкие,0.15,
Очно-бюджетная,"Обществознание, История, Биология, Русский язык, Математика",38.03.01,38.03.01 — Экономика,257,📈 Растущий,0,🔴 Очень низкие,0.15,
Очно-бюджетная,"Обществознание, История, Биология, Русский язык, Математика",38.03.02,38.03.02 — Менеджмент,256,📈 Растущий,0,🔴 Очень низкие,0.15,
Очно-бюджетная,"Обществознание, История, Химия, Русский язык, Математика",43.03.03,43.03.03 — Гостиничное дело,260,📉 Снижающийся,0,🔴 Очень низкие,0.15,
Очно-бюджетная,"Обществознание, История, Химия, Русский язык, Математика",38.03.04,38.03.04 — Государственное и муниципальное управление,261,➡️ Стабильный,0,🔴 Очень низкие,0.15,
Очно-бюджетная,"Обществознание, История, Химия, Русский язык, Математика",38.03.05,38.03.05 — Бизнес-информатика,261,📈 Растущий,0,🔴 Очень низкие,0.15,
Очно-бюджетная,"Обществознание, История, Химия, Русский язык, Математика",38.03.01,38.03.01 — Экономика,257,📈 Растущий,0,🔴 Очень низкие,0.15,
Очно-бюджетная,"Обществознание, История, Химия, Русский язык, Математика",38.03.02,38.03.02 — Менеджмент,256,📈 Растущий,0,🔴 Очень низкие,0.15,
Очно-бюджетная,"Обществознание, История, Физика, Русский язык, Математика",43.03.03,43.03.03 — Гостиничное дело,260,📉 Снижающийся,0,🔴 Очень низкие,0.15,
Очно-бюджетная,"Обществознание, История, Физика, Русский язык, Математика",38.03.04,38.03.04 — Государственное и муниципальное управление,261,➡️ Стабильный,0,🔴 Очень низкие,0.15,
Очно-бюджетная,"Обществознание, История, Физика, Русский язык, Математика",38.03.05,38.03.05 — Бизнес-информатика,261,📈 Растущий,0,🔴 Очень низкие,0.15,
Очно-бюджетная,"Обществознание, История, Физика, Русский язык, Математика",38.03.01,38.03.01 — Экономика,257,📈 Растущий,0,🔴 Очень низкие,0.15,
Очно-бюджетная,"Обществознание, История, Физика, Русский язык, Математика",38.03.02,38.03.02 — Менеджмент,256,📈 Растущий,0,🔴 Очень низкие,0.15,
Очно-бюджетная,"Обществознание, История, География, Русский язык, Математика",43.03.03,43.03.03 — Гостиничное дело,260,📉 Снижающийся,0,🔴 Очень низкие,0.15,
Очно-бюджетная,"Обществознание, История, География, Русский язык, Математика",38.03.04,38.03.04 — Государственное и муниципальное управление,261,➡️ Стабильный,0,🔴 Очень низкие,0.15,
Очно-бюджетная,"Обществознание, История, География, Русский язык, Математика",38.03.05,38.03.05 — Бизнес-информатика,261,📈 Растущий,0,🔴 Очень низкие,0.15,
Очно-бюджетная,"Обществознание, История, География, Русский язык, Математика",38.03.01,38.03.01 — Экономика,257,📈 Растущий,0,🔴 Очень низкие,0.15,
Очно-бюджетная,"Обществознание, История, География, Русский язык, Математика",38.03.02,38.03.02 — Менеджмент,256,📈 Растущий,0,🔴 Очень низкие,0.15,
Очно-бюджетная,"Обществознание, История, Английский язык, Русский язык, Математика",43.03.03,43.03.03 — Гостиничное дело,260,📉 Снижающийся,0,🔴 Очень низкие,0.15,
Очно-бюджетная,"Обществознание, История, Английский язык, Русский язык, Математика",38.03.04,38.03.04 — Государственное и муниципальное управление,261,➡️ Стабильный,0,🔴 Очень низкие,0.15,
Очно-бюджетная,"Обществознание, История, Английский язык, Русский язык, Математика",38.03.01,38.03.01 — Экономика,257,📈 Растущий,0,🔴 Очень низкие,0.15,
Очно-бюджетная,"Обществознание, История, Английский язык, Русский язык, Математика",38.03.02,38.03.02 — Менеджмент,256,📈 Растущий,0,🔴 Очень низкие,0.15,
Очно-бюджетная,"Обществознание, История, Английский язык, Русский язык, Математика",38.03.03,38.03.03 — Управление персоналом,253,📈 Растущий,0,🔴 Очень низкие,0.15,
Очно-бюджетная,"Обществознание, Биология, Химия, Русский язык, Математика",38.03.04,38.03.04 — Государственное и муниципальное управление,261,➡️ Стабильный,0,🔴 Очень низкие,0.15,
Очно-бюджетная,"Обществознание, Биология, Химия, Русский язык, Математика",38.03.05,38.03.05 — Бизнес-информатика,261,📈 Растущий,0,🔴 Очень низкие,0.15,
Очно-бюджетная,"Обществознание, Биология, Химия, Русский язык, Математика",43.03.03,43.03.03 — Гостиничное дело,260,📉 Снижающийся,0,🔴 Очень низкие,0.15,
Очно-бюджетная,"Обществознание, Биология, Химия, Русский язык, Математика",38.03.01,38.03.01 — Экономика,257,📈 Растущий,0,🔴 Очень низкие,0.15,
Очно-бюджетная,"Обществознание, Биология, Химия, Русский язык, Математика",38.03.02,38.03.02 — Менеджмент,256,📈 Растущий,0,🔴 Очень низкие,0.15,
Очно-бюджетная,"Обществознание, Биология, Физика, Русский язык, Математика",38.03.04,38.03.04 — Государственное и муниципальное управление,261,➡️ Стабильный,0,🔴 Очень низкие,0.15,
Очно-бюджетная,"Обществознание, Биология, Физика, Русский язык, Математика",38.03.05,38.03.05 — Бизнес-информатика,261,📈 Растущий,0,🔴 Очень низкие,0.15,
Очно-бюджетная,"Обществознание, Биология, Физика, Русский язык, Математика",43.03.03,43.03.03 — Гостиничное дело,260,📉 Снижающийся,0,🔴 Очень низкие,0.15,
Очно-бюджетная,"Обществознание, Биология, Физика, Русский язык, Математика",38.03.01,38.03.01 — Экономика,257,📈 Растущий,0,🔴 Очень низкие,0.15,
Очно-бюджетная,"Обществознание, Биология, Физика, Русский язык, Математика",38.03.02,38.03.02 — Менеджмент,256,📈 Растущий,0,🔴 Очень низкие,0.15,
Очно-бюджетная,"Обществознание, Биология, География, Русский язык, Математика",38.03.04,38.03.04 — Государственное и муниципальное управление,261,➡️ Стабильный,0,🔴 Очень низкие,0.15,
Очно-бюджетная,"Обществознание, Биология, География, Русский язык, Математика",38.03.05,38.03.05 — Бизнес-информатика,261,📈 Растущий,0,🔴 Очень низкие,0.15,
Очно-бюджетная,"Обществознание, Биология, География, Русский язык, Математика",43.03.03,43.03.03 — Гостиничное дело,260,📉 Снижающийся,0,🔴 Очень низкие,0.15,
Очно-бюджетная,"Обществознание, Биология, География, Русский язык, Математика",38.03.01,38.03.01 — Экономика,257,📈 Растущий,0,🔴 Очень низкие,0.15,
Очно-бюджетная,"Обществознание, Биология, География, Русский язык, Математика",38.03.02,38.03.02 — Менеджмент,256,📈 Растущий,0,🔴 Очень низкие,0.15,
Очно-бюджетная,"Обществознание, Биология, Английский язык, Русский язык, Математика",38.03.04,38.03.04 — Государственное и муниципальное управление,261,➡️ Стабильный,0,🔴 Очень низкие,0.15,
Очно-бюджетная,"Обществознание, Биология, Английский язык, Русский язык, Математика",43.03.03,43.03.03 — Гостиничное дело,260,📉 Снижающийся,0,🔴 Очень низкие,0.15,
Очно-бюджетная,"Обществознание, Биология, Английский язык, Русский язык, Математика",38.03.01,38.03.01 — Экономика,257,📈 Растущий,0,🔴 Очень низкие,0.15,
Очно-бюджетная,"Обществознание, Биология, Английский язык, Русский язык, Математика",38.03.02,38.03.02 — Менеджмент,256,📈 Растущий,0,🔴 Очень низкие,0.15,
Очно-бюджетная,"Обществознание, Биология, Английский язык, Русский язык, Математика",38.03.03,38.03.03 — Управление персоналом,253,📈 Растущий,0,🔴 Очень низкие,0.15,
Очно-бюджетная,"Обществознание, Химия, Физика, Русский язык, Математика",38.03.04,38.03.04 — Государственное и муниципальное управление,261,➡️ Стабильный,0,🔴 Очень низкие,0.15,
Очно-бюджетная,"Обществознание, Химия, Физика, Русский язык, Математика",38.03.05,38.03.05 — Бизнес-информатика,261,📈 Растущий,0,🔴 Очень низкие,0.15,
Очно-бюджетная,"Обществознание, Химия, Физика, Русский язык, Математика",43.03.03,43.03.03 — Гостиничное дело,260,📉 Снижающийся,0,🔴 Очень низкие,0.15,
Очно-бюджетная,"Обществознание, Химия, Физика, Русский язык, Математика",38.03.01,38.03.01 — Экономика,257,📈 Растущий,0,🔴 Очень низкие,0.15,
Очно-бюджетная,"Обществознание, Химия, Физика, Русский язык, Математика",38.03.02,38.03.02 — Менеджмент,256,📈 Растущий,0,🔴 Очень низкие,0.15,
Очно-бюджетная,"Обществознание, Химия, География, Русский язык, Математика",38.03.04,38.03.04 — Государственное и муниципальное управление,261,➡️ Стабильный,0,🔴 Очень низкие,0.15,
Очно-бюджетная,"Обществознание, Химия, География, Русский язык, Математика",38.03.05,38.03.05 — Бизнес-информатика,261,📈 Растущий,0,🔴 Очень низкие,0.15,
Очно-бюджетная,"Обществознание, Химия, География, Русский язык, Математика",43.03.03,43.03.03 — Гостиничное дело,260,📉 Снижающийся,0,🔴 Очень низкие,0.15,
Очно-бюджетная,"Обществознание, Химия, География, Русский язык, Математика",38.03.01,38.03.01 — Экономика,257,📈 Растущий,0,🔴 Очень низкие,0.15,
Очно-бюджетная,"Обществознание, Химия, География, Русский язык, Математика",38.03.02,38.03.02 — Менеджмент,256,📈 Растущий,0,🔴 Очень низкие,0.15,
Очно-бюджетная,"Обществознание, Химия, Английский язык, Русский язык, Математика",38.03.04,38.03.04 — Государственное и муниципальное управление,261,➡️ Стабильный,0,🔴 Очень низкие,0.15,
Очно-бюджетная,"Обществознание, Химия, Английский язык, Русский язык, Математика",43.03.03,43.03.03 — Гостиничное дело,260,📉 Снижающийся,0,🔴 Очень низкие,0.15,
Очно-бюджетная,"Обществознание, Химия, Английский язык, Русский язык, Математика",38.03.01,38.03.01 — Экономика,257,📈 Растущий,0,🔴 Очень низкие,0.15,
Очно-бюджетная,"Обществознание, Химия, Английский язык, Русский язык, Математика",38.03.02,38.03.02 — Менеджмент,256,📈 Растущий,0,🔴 Очень низкие,0.15,
Очно-бюджетная,"Обществознание, Химия, Английский язык, Русский язык, Математика",38.03.03,38.03.03 — Управление персоналом,253,📈 Растущий,0,🔴 Очень низкие,0.15,
Очно-бюджетная,"Обществознание, Физика, География, Русский язык, Математика",38.03.04,38.03.04 — Государственное и муниципальное управление,261,➡️ Стабильный,0,🔴 Очень низкие,0.15,
Очно-бюджетная,"Обществознание, Физика, География, Русский язык, Математика",38.03.05,38.03.05 — Бизнес-информатика,261,📈 Растущий,0,🔴 Очень низкие,0.15,
Очно-бюджетная,"Обществознание, Физика, География, Русский язык, Математика",43.03.03,43.03.03 — Гостиничное дело,260,📉 Снижающийся,0,🔴 Очень низкие,0.15,
Очно-бюджетная,"Обществознание, Физика, География, Русский язык, Математика",38.03.01,38.03.01 — Экономика,257,📈 Растущий,0,🔴 Очень низкие,0.15,
Очно-бюджетная,"Обществознание, Физика, География, Русский язык, Математика",38.03.02,38.03.02 — Менеджмент,256,📈 Растущий,0,🔴 Очень низкие,0.15,
Очно-бюджетная,"Обществознание, Физика, Английский язык, Русский язык, Математика",38.03.04,38.03.04 — Государственное и муниципальное управление,261,➡️ Стабильный,0,🔴 Очень низкие,0.15,
Очно-бюджетная,"Обществознание, Физика, Английский язык, Русский язык, Математика",43.03.03,43.03.03 — Гостиничное дело,260,📉 Снижающийся,0,🔴 Очень низкие,0.15,
Очно-бюджетная,"Обществознание, Физика, Английский язык, Русский язык, Математика",38.03.01,38.03.01 — Экономика,257,📈 Растущий,0,🔴 Очень низкие,0.15,
Очно-бюджетная,"Обществознание, Физика, Английский язык, Русский язык, Математика",38.03.02,38.03.02 — Менеджмент,256,📈 Растущий,0,🔴 Очень низкие,0.15,
Очно-бюджетная,"Обществознание, Физика, Английский язык, Русский язык, Математика",38.03.03,38.03.03 — Управление персоналом,253,📈 Растущий,0,🔴 Очень низкие,0.15,
Очно-бюджетная,"Обществознание, География, Английский язык, Русский язык, Математика",38.03.04,38.03.04 — Государственное и муниципальное управление,261,➡️ Стабильный,0,🔴 Очень низкие,0.15,
Очно-бюджетная,"Обществознание, География, Английский язык, Русский язык, Математика",43.03.03,43.03.03 — Гостиничное дело,260,📉 Снижающийся,0,🔴 Очень низкие,0.15,
Очно-бюджетная,"Обществознание, География, Английский язык, Русский язык, Математика",38.03.01,38.03.01 — Экономика,257,📈 Растущий,0,🔴 Очень низкие,0.15,
Очно-бюджетная,"Обществознание, География, Английский язык, Русский язык, Математика",38.03.02,38.03.02 — Менеджмент,256,📈 Растущий,0,🔴 Очень низкие,0.15,
Очно-бюджетная,"Обществознание, География, Английский язык, Русский язык, Математика",38.03.03,38.03.03 — Управление персоналом,253,📈 Растущий,0,🔴 Очень низкие,0.15,
Очно-бюджетная,"История, Биология, Химия, Русский язык, Математика",43.03.03,43.03.03 — Гостиничное дело,260,📉 Снижающийся,0,🔴 Очень низкие,0.15,
Очно-бюджетная,"История, Биология, Физика, Русский язык, Математика",43.03.03,43.03.03 — Гостиничное дело,260,📉 Снижающийся,0,🔴 Очень низкие,0.15,
Очно-бюджетная,"История, Биология, Физика, Русский язык, Математика",27.03.05,27.03.05 —Инноватика,238,📉 Снижающийся,0,🟢 Высокие,0.85,
Очно-бюджетная,"История, Биология, География, Русский язык, Математика",43.03.03,43.03.03 — Гостиничное дело,260,📉 Снижающийся,0,🔴 Очень низкие,0.15,
Очно-бюджетная,"История, Биология, География, Русский язык, Математика",05.03.06,05.03.06 — Экология и природопользование,166,📈 Растущий,0,🟢 Высокие,0.85,
Очно-бюджетная,"История, Биология, Английский язык, Русский язык, Математика",43.03.03,43.03.03 — Гостиничное дело,260,📉 Снижающийся,0,🔴 Очень низкие,0.15,
Очно-бюджетная,"История, Биология, Английский язык, Русский язык, Математика",38.03.04,38.03.04 — Государственное и муниципальное управление,261,➡️ Стабильный,0,🔴 Очень низкие,0.15,
Очно-бюджетная,"История, Биология, Английский язык, Русский язык, Математика",38.03.01,38.03.01 — Экономика,257,📈 Растущий,0,🔴 Очень низкие,0.15,
Очно-бюджетная,"История, Биология, Английский язык, Русский язык, Математика",38.03.02,38.03.02 — Менеджмент,256,📈 Растущий,0,🔴 Очень низкие,0.15,
Очно-бюджетная,"История, Биология, Английский язык, Русский язык, Математика",38.03.03,38.03.03 — Управление персоналом,253,📈 Растущий,0,🔴 Очень низкие,0.15,
Очно-бюджетная,"История, Химия, Физика, Русский язык, Математика",43.03.03,43.03.03 — Гостиничное дело,260,📉 Снижающийся,0,🔴 Очень низкие,0.15,
Очно-бюджетная,"История, Химия, Физика, Русский язык, Математика",27.03.05,27.03.05 —Инноватика,238,📉 Снижающийся,0,🟢 Высокие,0.85,
Очно-бюджетная,"История, Химия, География, Русский язык, Математика",43.03.03,43.03.03 — Гостиничное дело,260,📉 Снижающийся,0,🔴 Очень низкие,0.15,
Очно-бюджетная,"История, Химия, География, Русский язык, Математика",05.03.06,05.03.06 — Экология и природопользование,166,📈 Растущий,0,🟢 Высокие,0.85,
Очно-бюджетная,"История, Химия, Английский язык, Русский язык, Математика",43.03.03,43.03.03 — Гостиничное дело,260,📉 Снижающийся,0,🔴 Очень низкие,0.15,
Очно-бюджетная,"История, Химия, Английский язык, Русский язык, Математика",38.03.04,38.03.04 — Государственное и муниципальное управление,261,➡️ Стабильный,0,🔴 Очень низкие,0.15,
Очно-бюджетная,"История, Химия, Английский язык, Русский язык, Математика",38.03.01,38.03.01 — Экономика,257,📈 Растущий,0,🔴 Очень низкие,0.15,
Очно-бюджетная,"История, Химия, Английский язык, Русский язык, Математика",38.03.02,38.03.02 — Менеджмент,256,📈 Растущий,0,🔴 Очень низкие,0.15,
Очно-бюджетная,"История, Химия, Английский язык, Русский язык, Математика",38.03.03,38.03.03 — Управление персоналом,253,📈 Растущий,0,🔴 Очень низкие,0.15,
Очно-бюджетная,"История, Физика, География, Русский язык, Математика",43.03.03,43.03.03 — Гостиничное дело,260,📉 Снижающийся,0,🔴 Очень низкие,0.15,
Очно-бюджетная,"История, Физика, География, Русский язык, Математика",27.03.05,27.03.05 —Инноватика,238,📉 Снижающийся,0,🟢 Высокие,0.85,
Очно-бюджетная,"История, Физика, География, Русский язык, Математика",05.03.06,05.03.06 — Экология и природопользование,166,📈 Растущий,0,🟢 Высокие,0.85,
Очно-бюджетная,"История, Физика, Английский язык, Русский язык, Математика",43.03.03,43.03.03 — Гостиничное дело,260,📉 Снижающийся,0,🔴 Очень низкие,0.15,
Очно-бюджетная,"История, Физика, Английский язык, Русский язык, Математика",38.03.04,38.03.04 — Государственное и муниципальное управление,261,➡️ Стабильный,0,🔴 Очень низкие,0.15,
Очно-бюджетная,"История, Физика, Английский язык, Русский язык, Математика",38.03.01,38.03.01 — Экономика,257,📈 Растущий,0,🔴 Очень низкие,0.15,
Очно-бюджетная,"История, Физика, Английский язык, Русский язык, Математика",38.03.02,38.03.02 — Менеджмент,256,📈 Растущий,0,🔴 Очень низкие,0.15,
Очно-бюджетная,"История, Физика, Английский язык, Русский язык, Математика",38.03.03,38.03.03 — Управление персоналом,253,📈 Растущий,0,🔴 Очень низкие,0.15,
Очно-бюджетная,"История, География, Английский язык, Русский язык, Математика",43.03.03,43.03.03 — Гостиничное дело,260,📉 Снижающийся,0,🔴 Очень низкие,0.15,
Очно-бюджетная,"История, География, Английский язык, Русский язык, Математика",38.03.04,38.03.04 — Государственное и муниципальное управление,261,➡️ Стабильный,0,🔴 Очень низкие,0.15,
Очно-бюджетная,"История, География, Английский язык, Русский язык, Математика",38.03.01,38.03.01 — Экономика,257,📈 Растущий,0,🔴 Очень низкие,0.15,
Очно-бюджетная,"История, География, Английский язык, Русский язык, Математика",38.03.02,38.03.02 — Менеджмент,256,📈 Растущий,0,🔴 Очень низкие,0.15,
Очно-бюджетная,"История, География, Английский язык, Русский язык, Математика",38.03.03,38.03.03 — Управление персоналом,253,📈 Растущий,0,🔴 Очень низкие,0.15,
Очно-бюджетная,"Биология, Химия, Физика, Русский язык, Математика",27.03.05,27.03.05 —Инноватика,238,📉 Снижающийся,0,🟢 Высокие,0.85,
Очно-бюджетная,"Биология, Химия, География, Русский язык, Математика",05.03.06,05.03.06 — Экология и природопользование,166,📈 Растущий,0,🟢 Высокие,0.85,
Очно-бюджетная,"Биология, Химия, Английский язык, Русский язык, Математика",38.03.04,38.03.04 — Государственное и муниципальное управление,261,➡️ Стабильный,0,🔴 Очень низкие,0.15,
Очно-бюджетная,"Биология, Химия, Английский язык, Русский язык, Математика",43.03.03,43.03.03 — Гостиничное дело,260,📉 Снижающийся,0,🔴 Очень низкие,0.15,
Очно-бюджетная,"Биология, Химия, Английский язык, Русский язык, Математика",38.03.01,38.03.01 — Экономика,257,📈 Растущий,0,🔴 Очень низкие,0.15,
Очно-бюджетная,"Биология, Химия, Английский язык, Русский язык, Математика",38.03.02,38.03.02 — Менеджмент,256,📈 Растущий,0,🔴 Очень низкие,0.15,
Очно-бюджетная,"Биология, Химия, Английский язык, Русский язык, Математика",38.03.03,38.03.03 — Управление персоналом,253,📈 Растущий,0,🔴 Очень низкие,0.15,
Очно-бюджетная,"Биология, Физика, География, Русский язык, Математика",27.03.05,27.03.05 —Инноватика,238,📉 Снижающийся,0,🟢 Высокие,0.85,
Очно-бюджетная,"Биология, Физика, География, Русский язык, Математика",05.03.06,05.03.06 — Экология и природопользование,166,📈 Растущий,0,🟢 Высокие,0.85,
Очно-бюджетная,"Биология, Физика, Английский язык, Русский язык, Математика",38.03.04,38.03.04 — Государственное и муниципальное управление,261,➡️ Стабильный,0,🔴 Очень низкие,0.15,
Очно-бюджетная,"Биология, Физика, Английский язык, Русский язык, Математика",43.03.03,43.03.03 — Гостиничное дело,260,📉 Снижающийся,0,🔴 Очень низкие,0.15,
Очно-бюджетная,"Биология, Физика, Английский язык, Русский язык, Математика",38.03.01,38.03.01 — Экономика,257,📈 Растущий,0,🔴 Очень низкие,0.15,
Очно-бюджетная,"Биология, Физика, Английский язык, Русский язык, Математика",38.03.02,38.03.02 — Менеджмент,256,📈 Растущий,0,🔴 Очень низкие,0.15,
Очно-бюджетная,"Биология, Физика, Английский язык, Русский язык, Математика",38.03.03,38.03.03 — Управление персоналом,253,📈 Растущий,0,🔴 Очень низкие,0.15,
Очно-бюджетная,"Биология, География, Английский язык, Русский язык, Математика",38.03.04,38.03.04 — Государственное и муниципальное управление,261,➡️ Стабильный,0,🔴 Очень низкие,0.15,
Очно-бюджетная,"Биология, География, Английский язык, Русский язык, Математика",43.03.03,43.03.03 — Гостиничное дело,260,📉 Снижающийся,0,🔴 Очень низкие,0.15,
Очно-бюджетная,"Биология, География, Английский язык, Русский язык, Математика",38.03.01,38.03.01 — Экономика,257,📈 Растущий,0,🔴 Очень низкие,0.15,
Очно-бюджетная,"Биология, География, Английский язык, Русский язык, Математика",38.03.02,38.03.02 — Менеджмент,256,📈 Растущий,0,🔴 Очень низкие,0.15,
Очно-бюджетная,"Биология, География, Английский язык, Русский язык, Математика",38.03.03,38.03.03 — Управление персоналом,253,📈 Растущий,0,🔴 Очень низкие,0.15,
Очно-бюджетная,"Химия, Физика, География, Русский язык, Математика",27.03.05,27.03.05 —Инноватика,238,📉 Снижающийся,0,🟢 Высокие,0.85,
Очно-бюджетная,"Химия, Физика, География, Русский язык, Математика",05.03.06,05.03.06 — Экология и природопользование,166,📈 Растущий,0,🟢 Высокие,0.85,
Очно-бюджетная,"Химия, Физика, Английский язык, Русский язык, Математика",38.03.04,38.03.04 — Государственное и муниципальное управление,261,➡️ Стабильный,0,🔴 Очень низкие,0.15,
Очно-бюджетная,"Химия, Физика, Английский язык, Русский язык, Математика",43.03.03,43.03.03 — Гостиничное дело,260,📉 Снижающийся,0,🔴 Очень низкие,0.15,
Очно-бюджетная,"Химия, Физика, Английский язык, Русский язык, Математика",38.03.01,38.03.01 — Экономика,257,📈 Растущий,0,🔴 Очень низкие,0.15,
Очно-бюджетная,"Химия, Физика, Английский язык, Русский язык, Математика",38.03.02,38.03.02 — Менеджмент,256,📈 Растущий,0,🔴 Очень низкие,0.15,
Очно-бюджетная,"Химия, Физика, Английский язык, Русский язык, Математика",38.03.03,38.03.03 — Управление персоналом,253,📈 Растущий,0,🔴 Очень низкие,0.15,
Очно-бюджетная,"Химия, География, Английский язык, Русский язык, Математика",38.03.04,38.03.04 — Государственное и муниципальное управление,261,➡️ Стабильный,0,🔴 Очень низкие,0.15,
Очно-бюджетная,"Химия, География, Английский язык, Русский язык, Математика",43.03.03,43.03.03 — Гостиничное дело,260,📉 Снижающийся,0,🔴 Очень низкие,0.15,
Очно-бюджетная,"Химия, География, Английский язык, Русский язык, Математика",38.03.01,38.03.01 — Экономика,257,📈 Растущий,0,🔴 Очень низкие,0.15,
Очно-бюджетная,"Химия, География, Английский язык, Русский язык, Математика",38.03.02,38.03.02 — Менеджмент,256,📈 Растущий,0,🔴 Очень низкие,0.15,
Очно-бюджетная,"Химия, География, Английский язык, Русский язык, Математика",38.03.03,38.03.03 — Управление персоналом,253,📈 Растущий,0,🔴 Очень низкие,0.15,
Очно-бюджетная,"Физика, География, Английский язык, Русский язык, Математика",38.03.04,38.03.04 — Государственное и муниципальное управление,261,➡️ Стабильный,0,🔴 Очень низкие,0.15,
Очно-бюджетная,"Физика, География, Английский язык, Русский язык, Математика",43.03.03,43.03.03 — Гостиничное дело,260,📉 Снижающийся,0,🔴 Очень низкие,0.15,
Очно-бюджетная,"Физика, География, Английский язык, Русский язык, Математика",38.03.01,38.03.01 — Экономика,257,📈 Растущий,0,🔴 Очень низкие,0.15,
Очно-бюджетная,"Физика, География, Английский язык, Русский язык, Математика",38.03.02,38.03.02 — Менеджмент,256,📈 Растущий,0,🔴 Очень низкие,0.15,
Очно-бюджетная,"Физика, География, Английский язык, Русский язык, Математика",38.03.03,38.03.03 — Управление персоналом,253,📈 Растущий,0,🔴 Очень низкие,0.15,
Очно-договорная,"Математика, Информатика, Русский язык",05.03.06,05.03.06 — Экология и природопользование,146,➡️ Стабильный,0,🟢 Высокие,0.85,
Очно-договорная,"Математика, Информатика, Русский язык",27.03.05,27.03.05 — Инноватика,145,📈 Растущий,0,🟢 Высокие,0.85,
Очно-договорная,"Математика, Информатика, Русский язык",09.03.03,09.03.03 — Прикладная информатика,144,📉 Снижающийся,0,🟢 Высокие,0.85,
Очно-договорная,"Математика, Информатика, Русский язык",38.03.05,38.03.05 — Бизнес-информатика,139,➡️ Стабильный,0,🟢 Высокие,0.85,
Очно-договорная,"Математика, Информатика, Русский язык",01.03.05,01.03.05 Статистика,0,➡️ Стабильный,0,🟡 Низкие,0.35,
Очно-договорная,"Математика, Обществознание, Русский язык",43.03.03,43.03.03 — Гостиничное дело,158,📉 Снижающийся,0,🟢 Высокие,0.85,
Очно-договорная,"Математика, Обществознание, Русский язык",39.03.01,39.03.01 — Социология,155,📉 Снижающийся,0,🟢 Высокие,0.85,
Очно-договорная,"Математика, Обществознание, Русский язык",37.03.01,37.03.01 — Психология,147,➡️ Стабильный,0,🟢 Высокие,0.85,
Очно-договорная,"Математика, Обществознание, Русский язык",41.03.04,41.03.04 — Политология,146,📈 Растущий,0,🟢 Высокие,0.85,
Очно-договорная,"Математика, Обществознание, Русский язык",38.03.03,38.03.03 — Управление персоналом,144,📉 Снижающийся,0,🟢 Высокие,0.85,
Очно-договорная,"Математика, История, Русский язык",43.03.03,43.03.03 — Гостиничное дело,158,📉 Снижающийся,0,🟢 Высокие,0.85,
Очно-договорная,"Математика, История, Русский язык",39.03.01,39.03.01 — Социология,155,📉 Снижающийся,0,🟢 Высокие,0.85,
Очно-договорная,"Математика, История, Русский язык",41.03.04,41.03.04 — Политология,146,📈 Растущий,0,🟢 Высокие,0.85,
Очно-договорная,"Математика, История, Русский язык",42.03.01,42.03.01 — Реклама и связи с общественностью,143,📉 Снижающийся,0,🟢 Высокие,0.85,
Очно-договорная,"Математика, История, Русский язык",40.03.01,40.03.01 — Юриспруденция,142,📉 Снижающийся,0,🟢 Высокие,0.85,
Очно-договорная,"Математика, Биология, Русский язык",37.03.01,37.03.01 — Психология,147,➡️ Стабильный,0,🟢 Высокие,0.85,
Очно-договорная,"Математика, Химия, Русский язык",,НАПРАВЛЕНИЯ НЕ НАЙДЕНЫ,,,,—,,
Очно-договорная,"Математика, Физика, Русский язык",27.03.05,27.03.05 — Инноватика,145,📈 Растущий,0,🟢 Высокие,0.85,
Очно-договорная,"Математика, Физика, Русский язык",23.03.01,23.03.01 Технология транспортных процессов,0,➡️ Стабильный,0,🟡 Низкие,0.35,
Очно-договорная,"Математика, География, Русский язык",05.03.06,05.03.06 — Экология и природопользование,146,➡️ Стабильный,0,🟢 Высокие,0.85,
Очно-договорная,"Математика, Английский язык, Русский язык",43.03.03,43.03.03 — Гостиничное дело,158,📉 Снижающийся,0,🟢 Высокие,0.85,
Очно-договорная,"Математика, Английский язык, Русский язык",39.03.01,39.03.01 — Социология,155,📉 Снижающийся,0,🟢 Высокие,0.85,
Очно-договорная,"Математика, Английский язык, Русский язык",41.03.04,41.03.04 — Политология,146,📈 Растущий,0,🟢 Высокие,0.85,
Очно-договорная,"Математика, Английский язык, Русский язык",38.03.03,38.03.03 — Управление персоналом,144,📉 Снижающийся,0,🟢 Высокие,0.85,
Очно-договорная,"Математика, Английский язык, Русский язык",42.03.01,42.03.01 — Реклама и связи с общественностью,143,📉 Снижающийся,0,🟢 Высокие,0.85,
Очно-договорная,"Информатика, Обществознание, Русский язык, Математика",38.03.05,38.03.05 — Бизнес-информатика,139,➡️ Стабильный,0,🟢 Высокие,0.85,
Очно-договорная,"Информатика, Обществознание, Русский язык, Математика",43.03.03,43.03.03 — Гостиничное дело,158,📉 Снижающийся,0,🟢 Высокие,0.85,
Очно-договорная,"Информатика, Обществознание, Русский язык, Математика",39.03.01,39.03.01 — Социология,155,📉 Снижающийся,0,🟢 Высокие,0.85,
Очно-договорная,"Информатика, Обществознание, Русский язык, Математика",37.03.01,37.03.01 — Психология,147,➡️ Стабильный,0,🟢 Высокие,0.85,
Очно-договорная,"Информатика, Обществознание, Русский язык, Математика",41.03.04,41.03.04 — Политология,146,📈 Растущий,0,🟢 Высокие,0.85,
Очно-договорная,"Информатика, История, Русский язык, Математика",43.03.03,43.03.03 — Гостиничное дело,158,📉 Снижающийся,0,🟢 Высокие,0.85,
Очно-договорная,"Информатика, История, Русский язык, Математика",39.03.01,39.03.01 — Социология,155,📉 Снижающийся,0,🟢 Высокие,0.85,
Очно-договорная,"Информатика, История, Русский язык, Математика",41.03.04,41.03.04 — Политология,146,📈 Растущий,0,🟢 Высокие,0.85,
Очно-договорная,"Информатика, История, Русский язык, Математика",05.03.06,05.03.06 — Экология и природопользование,146,➡️ Стабильный,0,🟢 Высокие,0.85,
Очно-договорная,"Информатика, История, Русский язык, Математика",27.03.05,27.03.05 — Инноватика,145,📈 Растущий,0,🟢 Высокие,0.85,
Очно-договорная,"Информатика, Биология, Русский язык, Математика",37.03.01,37.03.01 — Психология,147,➡️ Стабильный,0,🟢 Высокие,0.85,
Очно-договорная,"Информатика, Биология, Русский язык, Математика",05.03.06,05.03.06 — Экология и природопользование,146,➡️ Стабильный,0,🟢 Высокие,0.85,
Очно-договорная,"Информатика, Биология, Русский язык, Математика",27.03.05,27.03.05 — Инноватика,145,📈 Растущий,0,🟢 Высокие,0.85,
Очно-договорная,"Информатика, Биология, Русский язык, Математика",09.03.03,09.03.03 — Прикладная информатика,144,📉 Снижающийся,0,🟢 Высокие,0.85,
Очно-договорная,"Информатика, Биология, Русский язык, Математика",38.03.05,38.03.05 — Бизнес-информатика,139,➡️ Стабильный,0,🟢 Высокие,0.85,
Очно-договорная,"Информатика, Химия, Русский язык, Математика",05.03.06,05.03.06 — Экология и природопользование,146,➡️ Стабильный,0,🟢 Высокие,0.85,
Очно-договорная,"Информатика, Химия, Русский язык, Математика",27.03.05,27.03.05 — Инноватика,145,📈 Растущий,0,🟢 Высокие,0.85,
Очно-договорная,"Информатика, Химия, Русский язык, Математика",09.03.03,09.03.03 — Прикладная информатика,144,📉 Снижающийся,0,🟢 Высокие,0.85,
Очно-договорная,"Информатика, Химия, Русский язык, Математика",38.03.05,38.03.05 — Бизнес-информатика,139,➡️ Стабильный,0,🟢 Высокие,0.85,
Очно-договорная,"Информатика, Химия, Русский язык, Математика",01.03.05,01.03.05 Статистика,0,➡️ Стабильный,0,🟡 Низкие,0.35,
Очно-договорная,"Информатика, Физика, Русский язык, Математика",27.03.05,27.03.05 — Инноватика,145,📈 Растущий,0,🟢 Высокие,0.85,
Очно-договорная,"Информатика, Физика, Русский язык, Математика",23.03.01,23.03.01 Технология транспортных процессов,0,➡️ Стабильный,0,🟡 Низкие,0.35,
Очно-договорная,"Информатика, Физика, Русский язык, Математика",05.03.06,05.03.06 — Экология и природопользование,146,➡️ Стабильный,0,🟢 Высокие,0.85,
Очно-договорная,"Информатика, Физика, Русский язык, Математика",09.03.03,09.03.03 — Прикладная информатика,144,📉 Снижающийся,0,🟢 Высокие,0.85,
Очно-договорная,"Информатика, Физика, Русский язык, Математика",38.03.05,38.03.05 — Бизнес-информатика,139,➡️ Стабильный,0,🟢 Высокие,0.85,
Очно-договорная,"Информатика, География, Русский язык, Математика",05.03.06,05.03.06 — Экология и природопользование,146,➡️ Стабильный,0,🟢 Высокие,0.85,
Очно-договорная,"Информатика, География, Русский язык, Математика",27.03.05,27.03.05 — Инноватика,145,📈 Растущий,0,🟢 Высокие,0.85,
Очно-договорная,"Информатика, География, Русский язык, Математика",09.03.03,09.03.03 — Прикладная информатика,144,📉 Снижающийся,0,🟢 Высокие,0.85,
Очно-договорная,"Информатика, География, Русский язык, Математика",38.03.05,38.03.05 — Бизнес-информатика,139,➡️ Стабильный,0,🟢 Высокие,0.85,
Очно-договорная,"Информатика, География, Русский язык, Математика",01.03.05,01.03.05 Статистика,0,➡️ Стабильный,0,🟡 Низкие,0.35,
Очно-договорная,"Информатика, Английский язык, Русский язык, Математика",43.03.03,43.03.03 — Гостиничное дело,158,📉 Снижающийся,0,🟢 Высокие,0.85,
Очно-договорная,"Информатика, Английский язык, Русский язык, Математика",39.03.01,39.03.01 — Социология,155,📉 Снижающийся,0,🟢 Высокие,0.85,
Очно-договорная,"Информатика, Английский язык, Русский язык, Математика",41.03.04,41.03.04 — Политология,146,📈 Растущий,0,🟢 Высокие,0.85,
Очно-договорная,"Информатика, Английский язык, Русский язык, Математика",05.03.06,05.03.06 — Экология и природопользование,146,➡️ Стабильный,0,🟢 Высокие,0.85,
Очно-договорная,"Информатика, Английский язык, Русский язык, Математика",27.03.05,27.03.05 — Инноватика,145,📈 Растущий,0,🟢 Высокие,0.85,
Очно-договорная,"Обществознание, История, Русский язык, Математика",43.03.03,43.03.03 — Гостиничное дело,158,📉 Снижающийся,0,🟢 Высокие,0.85,
Очно-договорная,"Обществознание, История, Русский язык, Математика",39.03.01,39.03.01 — Социология,155,📉 Снижающийся,0,🟢 Высокие,0.85,
Очно-договорная,"Обществознание, История, Русский язык, Математика",41.03.04,41.03.04 — Политология,146,📈 Растущий,0,🟢 Высокие,0.85,
Очно-договорная,"Обществознание, История, Русский язык, Математика",42.03.01,42.03.01 — Реклама и связи с общественностью,143,📉 Снижающийся,0,🟢 Высокие,0.85,
Очно-договорная,"Обществознание, История, Русский язык, Математика",40.03.01,40.03.01 — Юриспруденция,142,📉 Снижающийся,0,🟢 Высокие,0.85,
Очно-договорная,"Обществознание, Биология, Русский язык, Математика",37.03.01,37.03.01 — Психология,147,➡️ Стабильный,0,🟢 Высокие,0.85,
Очно-договорная,"Обществознание, Биология, Русский язык, Математика",43.03.03,43.03.03 — Гостиничное дело,158,📉 Снижающийся,0,🟢 Высокие,0.85,
Очно-договорная,"Обществознание, Биология, Русский язык, Математика",39.03.01,39.03.01 — Социология,155,📉 Снижающийся,0,🟢 Высокие,0.85,
Очно-договорная,"Обществознание, Биология, Русский язык, Математика",41.03.04,41.03.04 — Политология,146,📈 Растущий,0,🟢 Высокие,0.85,
Очно-договорная,"Обществознание, Биология, Русский язык, Математика",38.03.03,38.03.03 — Управление персоналом,144,📉 Снижающийся,0,🟢 Высокие,0.85,
Очно-договорная,"Обществознание, Химия, Русский язык, Математика",43.03.03,43.03.03 — Гостиничное дело,158,📉 Снижающийся,0,🟢 Высокие,0.85,
Очно-договорная,"Обществознание, Химия, Русский язык, Математика",39.03.01,39.03.01 — Социология,155,📉 Снижающийся,0,🟢 Высокие,0.85,
Очно-договорная,"Обществознание, Химия, Русский язык, Математика",37.03.01,37.03.01 — Психология,147,➡️ Стабильный,0,🟢 Высокие,0.85,
Очно-договорная,"Обществознание, Химия, Русский язык, Математика",41.03.04,41.03.04 — Политология,146,📈 Растущий,0,🟢 Высокие,0.85,
Очно-договорная,"Обществознание, Химия, Русский язык, Математика",38.03.03,38.03.03 — Управление персоналом,144,📉 Снижающийся,0,🟢 Высокие,0.85,
Очно-договорная,"Обществознание, Физика, Русский язык, Математика",43.03.03,43.03.03 — Гостиничное дело,158,📉 Снижающийся,0,🟢 Высокие,0.85,
Очно-договорная,"Обществознание, Физика, Русский язык, Математика",39.03.01,39.03.01 — Социология,155,📉 Снижающийся,0,🟢 Высокие,0.85,
Очно-договорная,"Обществознание, Физика, Русский язык, Математика",37.03.01,37.03.01 — Психология,147,➡️ Стабильный,0,🟢 Высокие,0.85,
Очно-договорная,"Обществознание, Физика, Русский язык, Математика",41.03.04,41.03.04 — Политология,146,📈 Растущий,0,🟢 Высокие,0.85,
Очно-договорная,"Обществознание, Физика, Русский язык, Математика",27.03.05,27.03.05 — Инноватика,145,📈 Растущий,0,🟢 Высокие,0.85,
Очно-договорная,"Обществознание, География, Русский язык, Математика",43.03.03,43.03.03 — Гостиничное дело,158,📉 Снижающийся,0,🟢 Высокие,0.85,
Очно-договорная,"Обществознание, География, Русский язык, Математика",39.03.01,39.03.01 — Социология,155,📉 Снижающийся,0,🟢 Высокие,0.85,
Очно-договорная,"Обществознание, География, Русский язык, Математика",37.03.01,37.03.01 — Психология,147,➡️ Стабильный,0,🟢 Высокие,0.85,
Очно-договорная,"Обществознание, География, Русский язык, Математика",41.03.04,41.03.04 — Политология,146,📈 Растущий,0,🟢 Высокие,0.85,
Очно-договорная,"Обществознание, География, Русский язык, Математика",05.03.06,05.03.06 — Экология и природопользование,146,➡️ Стабильный,0,🟢 Высокие,0.85,
Очно-договорная,"Обществознание, Английский язык, Русский язык, Математика",43.03.03,43.03.03 — Гостиничное дело,158,📉 Снижающийся,0,🟢 Высокие,0.85,
Очно-договорная,"Обществознание, Английский язык, Русский язык, Математика",39.03.01,39.03.01 — Социология,155,📉 Снижающийся,0,🟢 Высокие,0.85,
Очно-договорная,"Обществознание, Английский язык, Русский язык, Математика",41.03.04,41.03.04 — Политология,146,📈 Растущий,0,🟢 Высокие,0.85,
Очно-договорная,"Обществознание, Английский язык, Русский язык, Математика",38.03.03,38.03.03 — Управление персоналом,144,📉 Снижающийся,0,🟢 Высокие,0.85,
Очно-договорная,"Обществознание, Английский язык, Русский язык, Математика",42.03.01,42.03.01 — Реклама и связи с общественностью,143,📉 Снижающийся,0,🟢 Высокие,0.85,
Очно-договорная,"История, Биология, Русский язык, Математика",43.03.03,43.03.03 — Гостиничное дело,158,📉 Снижающийся,0,🟢 Высокие,0.85,
Очно-договорная,"История, Биология, Русский язык, Математика",39.03.01,39.03.01 — Социология,155,📉 Снижающийся,0,🟢 Высокие,0.85,
Очно-договорная,"История, Биология, Русский язык, Математика",37.03.01,37.03.01 — Психология,147,➡️ Стабильный,0,🟢 Высокие,0.85,
Очно-договорная,"История, Биология, Русский язык, Математика",41.03.04,41.03.04 — Политология,146,📈 Растущий,0,🟢 Высокие,0.85,
Очно-договорная,"История, Биология, Русский язык, Математика",42.03.01,42.03.01 — Реклама и связи с общественностью,143,📉 Снижающийся,0,🟢 Высокие,0.85,
Очно-договорная,"История, Химия, Русский язык, Математика",43.03.03,43.03.03 — Гостиничное дело,158,📉 Снижающийся,0,🟢 Высокие,0.85,
Очно-договорная,"История, Химия, Русский язык, Математика",39.03.01,39.03.01 — Социология,155,📉 Снижающийся,0,🟢 Высокие,0.85,
Очно-договорная,"История, Химия, Русский язык, Математика",41.03.04,41.03.04 — Политология,146,📈 Растущий,0,🟢 Высокие,0.85,
Очно-договорная,"История, Химия, Русский язык, Математика",42.03.01,42.03.01 — Реклама и связи с общественностью,143,📉 Снижающийся,0,🟢 Высокие,0.85,
Очно-договорная,"История, Химия, Русский язык, Математика",40.03.01,40.03.01 — Юриспруденция,142,📉 Снижающийся,0,🟢 Высокие,0.85,
Очно-договорная,"История, Физика, Русский язык, Математика",43.03.03,43.03.03 — Гостиничное дело,158,📉 Снижающийся,0,🟢 Высокие,0.85,
Очно-договорная,"История, Физика, Русский язык, Математика",39.03.01,39.03.01 — Социология,155,📉 Снижающийся,0,🟢 Высокие,0.85,
Очно-договорная,"История, Физика, Русский язык, Математика",41.03.04,41.03.04 — Политология,146,📈 Растущий,0,🟢 Высокие,0.85,
Очно-договорная,"История, Физика, Русский язык, Математика",27.03.05,27.03.05 — Инноватика,145,📈 Растущий,0,🟢 Высокие,0.85,
Очно-договорная,"История, Физика, Русский язык, Математика",42.03.01,42.03.01 — Реклама и связи с общественностью,143,📉 Снижающийся,0,🟢 Высокие,0.85,
Очно-договорная,"История, География, Русский язык, Математика",43.03.03,43.03.03 — Гостиничное дело,158,📉 Снижающийся,0,🟢 Высокие,0.85,
Очно-договорная,"История, География, Русский язык, Математика",39.03.01,39.03.01 — Социология,155,📉 Снижающийся,0,🟢 Высокие,0.85,
Очно-договорная,"История, География, Русский язык, Математика",41.03.04,41.03.04 — Политология,146,📈 Растущий,0,🟢 Высокие,0.85,
Очно-договорная,"История, География, Русский язык, Математика",05.03.06,05.03.06 — Экология и природопользование,146,➡️ Стабильный,0,🟢 Высокие,0.85,
Очно-договорная,"История, География, Русский язык, Математика",42.03.01,42.03.01 — Реклама и связи с общественностью,143,📉 Снижающийся,0,🟢 Высокие,0.85,
Очно-договорная,"История, Английский язык, Русский язык, Математика",43.03.03,43.03.03 — Гостиничное дело,158,📉 Снижающийся,0,🟢 Высокие,0.85,
Очно-договорная,"История, Английский язык, Русский язык, Математика",39.03.01,39.03.01 — Социология,155,📉 Снижающийся,0,🟢 Высокие,0.85,
Очно-договорная,"История, Английский язык, Русский язык, Математика",41.03.04,41.03.04 — Политология,146,📈 Растущий,0,🟢 Высокие,0.85,
Очно-договорная,"История, Английский язык, Русский язык, Математика",42.03.01,42.03.01 — Реклама и связи с общественностью,143,📉 Снижающийся,0,🟢 Высокие,0.85,
Очно-договорная,"История, Английский язык, Русский язык, Математика",40.03.01,40.03.01 — Юриспруденция,142,📉 Снижающийся,0,🟢 Высокие,0.85,
Очно-договорная,"Биология, Химия, Русский язык, Математика",37.03.01,37.03.01 — Психология,147,➡️ Стабильный,0,🟢 Высокие,0.85,
Очно-договорная,"Биология, Физика, Русский язык, Математика",37.03.01,37.03.01 — Психология,147,➡️ Стабильный,0,🟢 Высокие,0.85,
Очно-договорная,"Биология, Физика, Русский язык, Математика",27.03.05,27.03.05 — Инноватика,145,📈 Растущий,0,🟢 Высокие,0.85,
Очно-договорная,"Биология, Физика, Русский язык, Математика",23.03.01,23.03.01 Технология транспортных процессов,0,➡️ Стабильный,0,🟡 Низкие,0.35,
Очно-договорная,"Биология, География, Русский язык, Математика",37.03.01,37.03.01 — Психология,147,➡️ Стабильный,0,🟢 Высокие,0.85,
Очно-договорная,"Биология, География, Русский язык, Математика",05.03.06,05.03.06 — Экология и природопользование,146,➡️ Стабильный,0,🟢 Высокие,0.85,
Очно-договорная,"Биология, Английский язык, Русский язык, Математика",43.03.03,43.03.03 — Гостиничное дело,158,📉 Снижающийся,0,🟢 Высокие,0.85,
Очно-договорная,"Биология, Английский язык, Русский язык, Математика",39.03.01,39.03.01 — Социология,155,📉 Снижающийся,0,🟢 Высокие,0.85,
Очно-договорная,"Биология, Английский язык, Русский язык, Математика",37.03.01,37.03.01 — Психология,147,➡️ Стабильный,0,🟢 Высокие,0.85,
Очно-договорная,"Биология, Английский язык, Русский язык, Математика",41.03.04,41.03.04 — Политология,146,📈 Растущий,0,🟢 Высокие,0.85,
Очно-договорная,"Биология, Английский язык, Русский язык, Математика",38.03.03,38.03.03 — Управление персоналом,144,📉 Снижающийся,0,🟢 Высокие,0.85,
Очно-договорная,"Химия, Физика, Русский язык, Математика",27.03.05,27.03.05 — Инноватика,145,📈 Растущий,0,🟢 Высокие,0.85,
Очно-договорная,"Химия, Физика, Русский язык, Математика",23.03.01,23.03.01 Технология транспортных процессов,0,➡️ Стабильный,0,🟡 Низкие,0.35,
Очно-договорная,"Химия, География, Русский язык, Математика",05.03.06,05.03.06 — Экология и природопользование,146,➡️ Стабильный,0,🟢 Высокие,0.85,
Очно-договорная,"Химия, Английский язык, Русский язык, Математика",43.03.03,43.03.03 — Гостиничное дело,158,📉 Снижающийся,0,🟢 Высокие,0.85,
Очно-договорная,"Химия, Английский язык, Русский язык, Математика",39.03.01,39.03.01 — Социология,155,📉 Снижающийся,0,🟢 Высокие,0.85,
Очно-договорная,"Химия, Английский язык, Русский язык, Математика",41.03.04,41.03.04 — Политология,146,📈 Растущий,0,🟢 Высокие,0.85,
Очно-договорная,"Химия, Английский язык, Русский язык, Математика",38.03.03,38.03.03 — Управление персоналом,144,📉 Снижающийся,0,🟢 Высокие,0.85,
Очно-договорная,"Химия, Английский язык, Русский язык, Математика",42.03.01,42.03.01 — Реклама и связи с общественностью,143,📉 Снижающийся,0,🟢 Высокие,0.85,
Очно-договорная,"Физика, География, Русский язык, Математика",05.03.06,05.03.06 — Экология и природопользование,146,➡️ Стабильный,0,🟢 Высокие,0.85,
Очно-договорная,"Физика, География, Русский язык, Математика",27.03.05,27.03.05 — Инноватика,145,📈 Растущий,0,🟢 Высокие,0.85,
Очно-договорная,"Физика, География, Русский язык, Математика",23.03.01,23.03.01 Технология транспортных процессов,0,➡️ Стабильный,0,🟡 Низкие,0.35,
Очно-договорная,"Физика, Английский язык, Русский язык, Математика",43.03.03,43.03.03 — Гостиничное дело,158,📉 Снижающийся,0,🟢 Высокие,0.85,
Очно-договорная,"Физика, Английский язык, Русский язык, Математика",39.03.01,39.03.01 — Социология,155,📉 Снижающийся,0,🟢 Высокие,0.85,
Очно-договорная,"Физика, Английский язык, Русский язык, Математика",41.03.04,41.03.04 — Политология,146,📈 Растущий,0,🟢 Высокие,0.85,
Очно-договорная,"Физика, Английский язык, Русский язык, Математика",27.03.05,27.03.05 — Инноватика,145,📈 Растущий,0,🟢 Высокие,0.85,
Очно-договорная,"Физика, Английский язык, Русский язык, Математика",38.03.03,38.03.03 — Управление персоналом,144,📉 Снижающийся,0,🟢 Высокие,0.85,
Очно-договорная,"География, Английский язык, Русский язык, Математика",43.03.03,43.03.03 — Гостиничное дело,158,📉 Снижающийся,0,🟢 Высокие,0.85,
Очно-договорная,"География, Английский язык, Русский язык, Математика",39.03.01,39.03.01 — Социология,155,📉 Снижающийся,0,🟢 Высокие,0.85,
Очно-договорная,"География, Английский язык, Русский язык, Математика",41.03.04,41.03.04 — Политология,146,📈 Растущий,0,🟢 Высокие,0.85,
Очно-договорная,"География, Английский язык, Русский язык, Математика",05.03.06,05.03.06 — Экология и природопользование,146,➡️ Стабильный,0,🟢 Высокие,0.85,
Очно-договорная,"География, Английский язык, Русский язык, Математика",38.03.03,38.03.03 — Управление персоналом,144,📉 Снижающийся,0,🟢 Высокие,0.85,
Очно-договорная,"Математика, Информатика, Обществознание, Русский язык",38.03.05,38.03.05 — Бизнес-информатика,139,➡️ Стабильный,0,🟢 Высокие,0.85,
Очно-договорная,"Математика, Информатика, Обществознание, Русский язык",43.03.03,43.03.03 — Гостиничное дело,158,📉 Снижающийся,0,🟢 Высокие,0.85,
Очно-договорная,"Математика, Информатика, Обществознание, Русский язык",39.03.01,39.03.01 — Социология,155,📉 Снижающийся,0,🟢 Высокие,0.85,
Очно-договорная,"Математика, Информатика, Обществознание, Русский язык",37.03.01,37.03.01 — Психология,147,➡️ Стабильный,0,🟢 Высокие,0.85,
Очно-договорная,"Математика, Информатика, Обществознание, Русский язык",41.03.04,41.03.04 — Политология,146,📈 Растущий,0,🟢 Высокие,0.85,
Очно-договорная,"Математика, Информатика, История, Русский язык",43.03.03,43.03.03 — Гостиничное дело,158,📉 Снижающийся,0,🟢 Высокие,0.85,
Очно-договорная,"Математика, Информатика, История, Русский язык",39.03.01,39.03.01 — Социология,155,📉 Снижающийся,0,🟢 Высокие,0.85,
Очно-договорная,"Математика, Информатика, История, Русский язык",41.03.04,41.03.04 — Политология,146,📈 Растущий,0,🟢 Высокие,0.85,
Очно-договорная,"Математика, Информатика, История, Русский язык",05.03.06,05.03.06 — Экология и природопользование,146,➡️ Стабильный,0,🟢 Высокие,0.85,
Очно-договорная,"Математика, Информатика, История, Русский язык",27.03.05,27.03.05 — Инноватика,145,📈 Растущий,0,🟢 Высокие,0.85,
Очно-договорная,"Математика, Информатика, Биология, Русский язык",37.03.01,37.03.01 — Психология,147,➡️ Стабильный,0,🟢 Высокие,0.85,
Очно-договорная,"Математика, Информатика, Биология, Русский язык",05.03.06,05.03.06 — Экология и природопользование,146,➡️ Стабильный,0,🟢 Высокие,0.85,
Очно-договорная,"Математика, Информатика, Биология, Русский язык",27.03.05,27.03.05 — Инноватика,145,📈 Растущий,0,🟢 Высокие,0.85,
Очно-договорная,"Математика, Информатика, Биология, Русский язык",09.03.03,09.03.03 — Прикладная информатика,144,📉 Снижающийся,0,🟢 Высокие,0.85,
Очно-договорная,"Математика, Информатика, Биология, Русский язык",38.03.05,38.03.05 — Бизнес-информатика,139,➡️ Стабильный,0,🟢 Высокие,0.85,
Очно-договорная,"Математика, Информатика, Химия, Русский язык",05.03.06,05.03.06 — Экология и природопользование,146,➡️ Стабильный,0,🟢 Высокие,0.85,
Очно-договорная,"Математика, Информатика, Химия, Русский язык",27.03.05,27.03.05 — Инноватика,145,📈 Растущий,0,🟢 Высокие,0.85,
Очно-договорная,"Математика, Информатика, Химия, Русский язык",09.03.03,09.03.03 — Прикладная информатика,144,📉 Снижающийся,0,🟢 Высокие,0.85,
Очно-договорная,"Математика, Информатика, Химия, Русский язык",38.03.05,38.03.05 — Бизнес-информатика,139,➡️ Стабильный,0,🟢 Высокие,0.85,
Очно-договорная,"Математика, Информатика, Химия, Русский язык",01.03.05,01.03.05 Статистика,0,➡️ Стабильный,0,🟡 Низкие,0.35,
Очно-договорная,"Математика, Информатика, Физика, Русский язык",27.03.05,27.03.05 — Инноватика,145,📈 Растущий,0,🟢 Высокие,0.85,
Очно-договорная,"Математика, Информатика, Физика, Русский язык",23.03.01,23.03.01 Технология транспортных процессов,0,➡️ Стабильный,0,🟡 Низкие,0.35,
Очно-договорная,"Математика, Информатика, Физика, Русский язык",05.03.06,05.03.06 — Экология и природопользование,146,➡️ Стабильный,0,🟢 Высокие,0.85,
Очно-договорная,"Математика, Информатика, Физика, Русский язык",09.03.03,09.03.03 — Прикладная информатика,144,📉 Снижающийся,0,🟢 Высокие,0.85,
Очно-договорная,"Математика, Информатика, Физика, Русский язык",38.03.05,38.03.05 — Бизнес-информатика,139,➡️ Стабильный,0,🟢 Высокие,0.85,
Очно-договорная,"Математика, Информатика, География, Русский язык",05.03.06,05.03.06 — Экология и природопользование,146,➡️ Стабильный,0,🟢 Высокие,0.85,
Очно-договорная,"Математика, Информатика, География, Русский язык",27.03.05,27.03.05 — Инноватика,145,📈 Растущий,0,🟢 Высокие,0.85,
Очно-договорная,"Математика, Информатика, География, Русский язык",09.03.03,09.03.03 — Прикладная информатика,144,📉 Снижающийся,0,🟢 Высокие,0.85,
Очно-договорная,"Математика, Информатика, География, Русский язык",38.03.05,38.03.05 — Бизнес-информатика,139,➡️ Стабильный,0,🟢 Высокие,0.85,
Очно-договорная,"Математика, Информатика, География, Русский язык",01.03.05,01.03.05 Статистика,0,➡️ Стабильный,0,🟡 Низкие,0.35,
Очно-договорная,"Математика, Информатика, Английский язык, Русский язык",43.03.03,43.03.03 — Гостиничное дело,158,📉 Снижающийся,0,🟢 Высокие,0.85,
Очно-договорная,"Математика, Информатика, Английский язык, Русский язык",39.03.01,39.03.01 — Социология,155,📉 Снижающийся,0,🟢 Высокие,0.85,
Очно-договорная,"Математика, Информатика, Английский язык, Русский язык",41.03.04,41.03.04 — Политология,146,📈 Растущий,0,🟢 Высокие,0.85,
Очно-договорная,"Математика, Информатика, Английский язык, Русский язык",05.03.06,05.03.06 — Экология и природопользование,146,➡️ Стабильный,0,🟢 Высокие,0.85,
Очно-договорная,"Математика, Информатика, Английский язык, Русский язык",27.03.05,27.03.05 — Инноватика,145,📈 Растущий,0,🟢 Высокие,0.85,
Очно-договорная,"Математика, Обществознание, История, Русский язык",43.03.03,43.03.03 — Гостиничное дело,158,📉 Снижающийся,0,🟢 Высокие,0.85,
Очно-договорная,"Математика, Обществознание, История, Русский язык",39.03.01,39.03.01 — Социология,155,📉 Снижающийся,0,🟢 Высокие,0.85,
Очно-договорная,"Математика, Обществознание, История, Русский язык",41.03.04,41.03.04 — Политология,146,📈 Растущий,0,🟢 Высокие,0.85,
Очно-договорная,"Математика, Обществознание, История, Русский язык",42.03.01,42.03.01 — Реклама и связи с общественностью,143,📉 Снижающийся,0,🟢 Высокие,0.85,
Очно-договорная,"Математика, Обществознание, История, Русский язык",40.03.01,40.03.01 — Юриспруденция,142,📉 Снижающийся,0,🟢 Высокие,0.85,
Очно-договорная,"Математика, Обществознание, Биология, Русский язык",37.03.01,37.03.01 — Психология,147,➡️ Стабильный,0,🟢 Высокие,0.85,
Очно-договорная,"Математика, Обществознание, Биология, Русский язык",43.03.03,43.03.03 — Гостиничное дело,158,📉 Снижающийся,0,🟢 Высокие,0.85,
Очно-договорная,"Математика, Обществознание, Биология, Русский язык",39.03.01,39.03.01 — Социология,155,📉 Снижающийся,0,🟢 Высокие,0.85,
Очно-договорная,"Математика, Обществознание, Биология, Русский язык",41.03.04,41.03.04 — Политология,146,📈 Растущий,0,🟢 Высокие,0.85,
Очно-договорная,"Математика, Обществознание, Биология, Русский язык",38.03.03,38.03.03 — Управление персоналом,144,📉 Снижающийся,0,🟢 Высокие,0.85,
Очно-договорная,"Математика, Обществознание, Химия, Русский язык",43.03.03,43.03.03 — Гостиничное дело,158,📉 Снижающийся,0,🟢 Высокие,0.85,
Очно-договорная,"Математика, Обществознание, Химия, Русский язык",39.03.01,39.03.01 — Социология,155,📉 Снижающийся,0,🟢 Высокие,0.85,
Очно-договорная,"Математика, Обществознание, Химия, Русский язык",37.03.01,37.03.01 — Психология,147,➡️ Стабильный,0,🟢 Высокие,0.85,
Очно-договорная,"Математика, Обществознание, Химия, Русский язык",41.03.04,41.03.04 — Политология,146,📈 Растущий,0,🟢 Высокие,0.85,
Очно-договорная,"Математика, Обществознание, Химия, Русский язык",38.03.03,38.03.03 — Управление персоналом,144,📉 Снижающийся,0,🟢 Высокие,0.85,
Очно-договорная,"Математика, Обществознание, Физика, Русский язык",43.03.03,43.03.03 — Гостиничное дело,158,📉 Снижающийся,0,🟢 Высокие,0.85,
Очно-договорная,"Математика, Обществознание, Физика, Русский язык",39.03.01,39.03.01 — Социология,155,📉 Снижающийся,0,🟢 Высокие,0.85,
Очно-договорная,"Математика, Обществознание, Физика, Русский язык",37.03.01,37.03.01 — Психология,147,➡️ Стабильный,0,🟢 Высокие,0.85,
Очно-договорная,"Математика, Обществознание, Физика, Русский язык",41.03.04,41.03.04 — Политология,146,📈 Растущий,0,🟢 Высокие,0.85,
Очно-договорная,"Математика, Обществознание, Физика, Русский язык",27.03.05,27.03.05 — Инноватика,145,📈 Растущий,0,🟢 Высокие,0.85,
Очно-договорная,"Математика, Обществознание, География, Русский язык",43.03.03,43.03.03 — Гостиничное дело,158,📉 Снижающийся,0,🟢 Высокие,0.85,
Очно-договорная,"Математика, Обществознание, География, Русский язык",39.03.01,39.03.01 — Социология,155,📉 Снижающийся,0,🟢 Высокие,0.85,
Очно-договорная,"Математика, Обществознание, География, Русский язык",37.03.01,37.03.01 — Психология,147,➡️ Стабильный,0,🟢 Высокие,0.85,
Очно-договорная,"Математика, Обществознание, География, Русский язык",41.03.04,41.03.04 — Политология,146,📈 Растущий,0,🟢 Высокие,0.85,
Очно-договорная,"Математика, Обществознание, География, Русский язык",05.03.06,05.03.06 — Экология и природопользование,146,➡️ Стабильный,0,🟢 Высокие,0.85,
Очно-договорная,"Математика, Обществознание, Английский язык, Русский язык",43.03.03,43.03.03 — Гостиничное дело,158,📉 Снижающийся,0,🟢 Высокие,0.85,
Очно-договорная,"Математика, Обществознание, Английский язык, Русский язык",39.03.01,39.03.01 — Социология,155,📉 Снижающийся,0,🟢 Высокие,0.85,
Очно-договорная,"Математика, Обществознание, Английский язык, Русский язык",41.03.04,41.03.04 — Политология,146,📈 Растущий,0,🟢 Высокие,0.85,
Очно-договорная,"Математика, Обществознание, Английский язык, Русский язык",38.03.03,38.03.03 — Управление персоналом,144,📉 Снижающийся,0,🟢 Высокие,0.85,
Очно-договорная,"Математика, Обществознание, Английский язык, Русский язык",42.03.01,42.03.01 — Реклама и связи с общественностью,143,📉 Снижающийся,0,🟢 Высокие,0.85,
Очно-договорная,"Математика, История, Биология, Русский язык",43.03.03,43.03.03 — Гостиничное дело,158,📉 Снижающийся,0,🟢 Высокие,0.85,
Очно-договорная,"Математика, История, Биология, Русский язык",39.03.01,39.03.01 — Социология,155,📉 Снижающийся,0,🟢 Высокие,0.85,
Очно-договорная,"Математика, История, Биология, Русский язык",37.03.01,37.03.01 — Психология,147,➡️ Стабильный,0,🟢 Высокие,0.85,
Очно-договорная,"Математика, История, Биология, Русский язык",41.03.04,41.03.04 — Политология,146,📈 Растущий,0,🟢 Высокие,0.85,
Очно-договорная,"Математика, История, Биология, Русский язык",42.03.01,42.03.01 — Реклама и связи с общественностью,143,📉 Снижающийся,0,🟢 Высокие,0.85,
Очно-договорная,"Математика, История, Химия, Русский язык",43.03.03,43.03.03 — Гостиничное дело,158,📉 Снижающийся,0,🟢 Высокие,0.85,
Очно-договорная,"Математика, История, Химия, Русский язык",39.03.01,39.03.01 — Социология,155,📉 Снижающийся,0,🟢 Высокие,0.85,
Очно-договорная,"Математика, История, Химия, Русский язык",41.03.04,41.03.04 — Политология,146,📈 Растущий,0,🟢 Высокие,0.85,
Очно-договорная,"Математика, История, Химия, Русский язык",42.03.01,42.03.01 — Реклама и связи с общественностью,143,📉 Снижающийся,0,🟢 Высокие,0.85,
Очно-договорная,"Математика, История, Химия, Русский язык",40.03.01,40.03.01 — Юриспруденция,142,📉 Снижающийся,0,🟢 Высокие,0.85,
Очно-договорная,"Математика, История, Физика, Русский язык",43.03.03,43.03.03 — Гостиничное дело,158,📉 Снижающийся,0,🟢 Высокие,0.85,
Очно-договорная,"Математика, История, Физика, Русский язык",39.03.01,39.03.01 — Социология,155,📉 Снижающийся,0,🟢 Высокие,0.85,
Очно-договорная,"Математика, История, Физика, Русский язык",41.03.04,41.03.04 — Политология,146,📈 Растущий,0,🟢 Высокие,0.85,
Очно-договорная,"Математика, История, Физика, Русский язык",27.03.05,27.03.05 — Инноватика,145,📈 Растущий,0,🟢 Высокие,0.85,
Очно-договорная,"Математика, История, Физика, Русский язык",42.03.01,42.03.01 — Реклама и связи с общественностью,143,📉 Снижающийся,0,🟢 Высокие,0.85,
Очно-договорная,"Математика, История, География, Русский язык",43.03.03,43.03.03 — Гостиничное дело,158,📉 Снижающийся,0,🟢 Высокие,0.85,
Очно-договорная,"Математика, История, География, Русский язык",39.03.01,39.03.01 — Социология,155,📉 Снижающийся,0,🟢 Высокие,0.85,
Очно-договорная,"Математика, История, География, Русский язык",41.03.04,41.03.04 — Политология,146,📈 Растущий,0,🟢 Высокие,0.85,
Очно-договорная,"Математика, История, География, Русский язык",05.03.06,05.03.06 — Экология и природопользование,146,➡️ Стабильный,0,🟢 Высокие,0.85,
Очно-договорная,"Математика, История, География, Русский язык",42.03.01,42.03.01 — Реклама и связи с общественностью,143,📉 Снижающийся,0,🟢 Высокие,0.85,
Очно-договорная,"Математика, История, Английский язык, Русский язык",43.03.03,43.03.03 — Гостиничное дело,158,📉 Снижающийся,0,🟢 Высокие,0.85,
Очно-договорная,"Математика, История, Английский язык, Русский язык",39.03.01,39.03.01 — Социология,155,📉 Снижающийся,0,🟢 Высокие,0.85,
Очно-договорная,"Математика, История, Английский язык, Русский язык",41.03.04,41.03.04 — Политология,146,📈 Растущий,0,🟢 Высокие,0.85,
Очно-договорная,"Математика, История, Английский язык, Русский язык",42.03.01,42.03.01 — Реклама и связи с общественностью,143,📉 Снижающийся,0,🟢 Высокие,0.85,
Очно-договорная,"Математика, История, Английский язык, Русский язык",40.03.01,40.03.01 — Юриспруденция,142,📉 Снижающийся,0,🟢 Высокие,0.85,
Очно-договорная,"Математика, Биология, Химия, Русский язык",37.03.01,37.03.01 — Психология,147,➡️ Стабильный,0,🟢 Высокие,0.85,
Очно-договорная,"Математика, Биология, Физика, Русский язык",37.03.01,37.03.01 — Психология,147,➡️ Стабильный,0,🟢 Высокие,0.85,
Очно-договорная,"Математика, Биология, Физика, Русский язык",27.03.05,27.03.05 — Инноватика,145,📈 Растущий,0,🟢 Высокие,0.85,
Очно-договорная,"Математика, Биология, Физика, Русский язык",23.03.01,23.03.01 Технология транспортных процессов,0,➡️ Стабильный,0,🟡 Низкие,0.35,
Очно-договорная,"Математика, Биология, География, Русский язык",37.03.01,37.03.01 — Психология,147,➡️ Стабильный,0,🟢 Высокие,0.85,
Очно-договорная,"Математика, Биология, География, Русский язык",05.03.06,05.03.06 — Экология и природопользование,146,➡️ Стабильный,0,🟢 Высокие,0.85,
Очно-договорная,"Математика, Биология, Английский язык, Русский язык",43.03.03,43.03.03 — Гостиничное дело,158,📉 Снижающийся,0,🟢 Высокие,0.85,
Очно-договорная,"Математика, Биология, Английский язык, Русский язык",39.03.01,39.03.01 — Социология,155,📉 Снижающийся,0,🟢 Высокие,0.85,
Очно-договорная,"Математика, Биология, Английский язык, Русский язык",37.03.01,37.03.01 — Психология,147,➡️ Стабильный,0,🟢 Высокие,0.85,
Очно-договорная,"Математика, Биология, Английский язык, Русский язык",41.03.04,41.03.04 — Политология,146,📈 Растущий,0,🟢 Высокие,0.85,
Очно-договорная,"Математика, Биология, Английский язык, Русский язык",38.03.03,38.03.03 — Управление персоналом,144,📉 Снижающийся,0,🟢 Высокие,0.85,
Очно-договорная,"Математика, Химия, Физика, Русский язык",27.03.05,27.03.05 — Инноватика,145,📈 Растущий,0,🟢 Высокие,0.85,
Очно-договорная,"Математика, Химия, Физика, Русский язык",23.03.01,23.03.01 Технология транспортных процессов,0,➡️ Стабильный,0,🟡 Низкие,0.35,
Очно-договорная,"Математика, Химия, География, Русский язык",05.03.06,05.03.06 — Экология и природопользование,146,➡️ Стабильный,0,🟢 Высокие,0.85,
Очно-договорная,"Математика, Химия, Английский язык, Русский язык",43.03.03,43.03.03 — Гостиничное дело,158,📉 Снижающийся,0,🟢 Высокие,0.85,
Очно-договорная,"Математика, Химия, Английский язык, Русский язык",39.03.01,39.03.01 — Социология,155,📉 Снижающийся,0,🟢 Высокие,0.85,
Очно-договорная,"Математика, Химия, Английский язык, Русский язык",41.03.04,41.03.04 — Политология,146,📈 Растущий,0,🟢 Высокие,0.85,
Очно-договорная,"Математика, Химия, Английский язык, Русский язык",38.03.03,38.03.03 — Управление персоналом,144,📉 Снижающийся,0,🟢 Высокие,0.85,
Очно-договорная,"Математика, Химия, Английский язык, Русский язык",42.03.01,42.03.01 — Реклама и связи с общественностью,143,📉 Снижающийся,0,🟢 Высокие,0.85,
Очно-договорная,"Математика, Физика, География, Русский язык",05.03.06,05.03.06 — Экология и природопользование,146,➡️ Стабильный,0,🟢 Высокие,0.85,
Очно-договорная,"Математика, Физика, География, Русский язык",27.03.05,27.03.05 — Инноватика,145,📈 Растущий,0,🟢 Высокие,0.85,
Очно-договорная,"Математика, Физика, География, Русский язык",23.03.01,23.03.01 Технология транспортных процессов,0,➡️ Стабильный,0,🟡 Низкие,0.35,
Очно-договорная,"Математика, Физика, Английский язык, Русский язык",43.03.03,43.03.03 — Гостиничное дело,158,📉 Снижающийся,0,🟢 Высокие,0.85,
Очно-договорная,"Математика, Физика, Английский язык, Русский язык",39.03.01,39.03.01 — Социология,155,📉 Снижающийся,0,🟢 Высокие,0.85,
Очно-договорная,"Математика, Физика, Английский язык, Русский язык",41.03.04,41.03.04 — Политология,146,📈 Растущий,0,🟢 Высокие,0.85,
Очно-договорная,"Математика, Физика, Английский язык, Русский язык",27.03.05,27.03.05 — Инноватика,145,📈 Растущий,0,🟢 Высокие,0.85,
Очно-договорная,"Математика, Физика, Английский язык, Русский язык",38.03.03,38.03.03 — Управление персоналом,144,📉 Снижающийся,0,🟢 Высокие,0.85,
Очно-договорная,"Математика, География, Английский язык, Русский язык",43.03.03,43.03.03 — Гостиничное дело,158,📉 Снижающийся,0,🟢 Высокие,0.85,
Очно-договорная,"Математика, География, Английский язык, Русский язык",39.03.01,39.03.01 — Социология,155,📉 Снижающийся,0,🟢 Высокие,0.85,
Очно-договорная,"Математика, География, Английский язык, Русский язык",41.03.04,41.03.04 — Политология,146,📈 Растущий,0,🟢 Высокие,0.85,
Очно-договорная,"Математика, География, Английский язык, Русский язык",05.03.06,05.03.06 — Экология и природопользование,146,➡️ Стабильный,0,🟢 Высокие,0.85,
Очно-договорная,"Математика, География, Английский язык, Русский язык",38.03.03,38.03.03 — Управление персоналом,144,📉 Снижающийся,0,🟢 Высокие,0.85,
Очно-договорная,"Информатика, Обществознание, История, Русский язык, Математика",43.03.03,43.03.03 — Гостиничное дело,158,📉 Снижающийся,0,🟢 Высокие,0.85,
Очно-договорная,"Информатика, Обществознание, История, Русский язык, Математика",39.03.01,39.03.01 — Социология,155,📉 Снижающийся,0,🟢 Высокие,0.85,
Очно-договорная,"Информатика, Обществознание, История, Русский язык, Математика",41.03.04,41.03.04 — Политология,146,📈 Растущий,0,🟢 Высокие,0.85,
Очно-договорная,"Информатика, Обществознание, История, Русский язык, Математика",42.03.01,42.03.01 — Реклама и связи с общественностью,143,📉 Снижающийся,0,🟢 Высокие,0.85,
Очно-договорная,"Информатика, Обществознание, История, Русский язык, Математика",40.03.01,40.03.01 — Юриспруденция,142,📉 Снижающийся,0,🟢 Высокие,0.85,
Очно-договорная,"Информатика, Обществознание, Биология, Русский язык, Математика",37.03.01,37.03.01 — Психология,147,➡️ Стабильный,0,🟢 Высокие,0.85,
Очно-договорная,"Информатика, Обществознание, Биология, Русский язык, Математика",38.03.05,38.03.05 — Бизнес-информатика,139,➡️ Стабильный,0,🟢 Высокие,0.85,
Очно-договорная,"Информатика, Обществознание, Биология, Русский язык, Математика",43.03.03,43.03.03 — Гостиничное дело,158,📉 Снижающийся,0,🟢 Высокие,0.85,
Очно-договорная,"Информатика, Обществознание, Биология, Русский язык, Математика",39.03.01,39.03.01 — Социология,155,📉 Снижающийся,0,🟢 Высокие,0.85,
Очно-договорная,"Информатика, Обществознание, Биология, Русский язык, Математика",41.03.04,41.03.04 — Политология,146,📈 Растущий,0,🟢 Высокие,0.85,
Очно-договорная,"Информатика, Обществознание, Химия, Русский язык, Математика",38.03.05,38.03.05 — Бизнес-информатика,139,➡️ Стабильный,0,🟢 Высокие,0.85,
Очно-договорная,"Информатика, Обществознание, Химия, Русский язык, Математика",43.03.03,43.03.03 — Гостиничное дело,158,📉 Снижающийся,0,🟢 Высокие,0.85,
Очно-договорная,"Информатика, Обществознание, Химия, Русский язык, Математика",39.03.01,39.03.01 — Социология,155,📉 Снижающийся,0,🟢 Высокие,0.85,
Очно-договорная,"Информатика, Обществознание, Химия, Русский язык, Математика",37.03.01,37.03.01 — Психология,147,➡️ Стабильный,0,🟢 Высокие,0.85,
Очно-договорная,"Информатика, Обществознание, Химия, Русский язык, Математика",41.03.04,41.03.04 — Политология,146,📈 Растущий,0,🟢 Высокие,0.85,
Очно-договорная,"Информатика, Обществознание, Физика, Русский язык, Математика",27.03.05,27.03.05 — Инноватика,145,📈 Растущий,0,🟢 Высокие,0.85,
Очно-договорная,"Информатика, Обществознание, Физика, Русский язык, Математика",38.03.05,38.03.05 — Бизнес-информатика,139,➡️ Стабильный,0,🟢 Высокие,0.85,
Очно-договорная,"Информатика, Обществознание, Физика, Русский язык, Математика",23.03.01,23.03.01 Технология транспортных процессов,0,➡️ Стабильный,0,🟡 Низкие,0.35,
Очно-договорная,"Информатика, Обществознание, Физика, Русский язык, Математика",43.03.03,43.03.03 — Гостиничное дело,158,📉 Снижающийся,0,🟢 Высокие,0.85,
Очно-договорная,"Информатика, Обществознание, Физика, Русский язык, Математика",39.03.01,39.03.01 — Социология,155,📉 Снижающийся,0,🟢 Высокие,0.85,
Очно-договорная,"Информатика, Обществознание, География, Русский язык, Математика",05.03.06,05.03.06 — Экология и природопользование,146,➡️ Стабильный,0,🟢 Высокие,0.85,
Очно-договорная,"Информатика, Обществознание, География, Русский язык, Математика",38.03.05,38.03.05 — Бизнес-информатика,139,➡️ Стабильный,0,🟢 Высокие,0.85,
Очно-договорная,"Информатика, Обществознание, География, Русский язык, Математика",43.03.03,43.03.03 — Гостиничное дело,158,📉 Снижающийся,0,🟢 Высокие,0.85,
Очно-договорная,"Информатика, Обществознание, География, Русский язык, Математика",39.03.01,39.03.01 — Социология,155,📉 Снижающийся,0,🟢 Высокие,0.85,
Очно-договорная,"Информатика, Обществознание, География, Русский язык, Математика",37.03.01,37.03.01 — Психология,147,➡️ Стабильный,0,🟢 Высокие,0.85,
Очно-договорная,"Информатика, Обществознание, Английский язык, Русский язык, Математика",43.03.03,43.03.03 — Гостиничное дело,158,📉 Снижающийся,0,🟢 Высокие,0.85,
Очно-договорная,"Информатика, Обществознание, Английский язык, Русский язык, Математика",39.03.01,39.03.01 — Социология,155,📉 Снижающийся,0,🟢 Высокие,0.85,
Очно-договорная,"Информатика, Обществознание, Английский язык, Русский язык, Математика",41.03.04,41.03.04 — Политология,146,📈 Растущий,0,🟢 Высокие,0.85,
Очно-договорная,"Информатика, Обществознание, Английский язык, Русский язык, Математика",38.03.03,38.03.03 — Управление персоналом,144,📉 Снижающийся,0,🟢 Высокие,0.85,
Очно-договорная,"Информатика, Обществознание, Английский язык, Русский язык, Математика",42.03.01,42.03.01 — Реклама и связи с общественностью,143,📉 Снижающийся,0,🟢 Высокие,0.85,
Очно-договорная,"Информатика, История, Биология, Русский язык, Математика",43.03.03,43.03.03 — Гостиничное дело,158,📉 Снижающийся,0,🟢 Высокие,0.85,
Очно-договорная,"Информатика, История, Биология, Русский язык, Математика",39.03.01,39.03.01 — Социология,155,📉 Снижающийся,0,🟢 Высокие,0.85,
Очно-договорная,"Информатика, История, Биология, Русский язык, Математика",37.03.01,37.03.01 — Психология,147,➡️ Стабильный,0,🟢 Высокие,0.85,
Очно-договорная,"Информатика, История, Биология, Русский язык, Математика",41.03.04,41.03.04 — Политология,146,📈 Растущий,0,🟢 Высокие,0.85,
Очно-договорная,"Информатика, История, Биология, Русский язык, Математика",05.03.06,05.03.06 — Экология и природопользование,146,➡️ Стабильный,0,🟢 Высокие,0.85,
Очно-договорная,"Информатика, История, Химия, Русский язык, Математика",43.03.03,43.03.03 — Гостиничное дело,158,📉 Снижающийся,0,🟢 Высокие,0.85,
Очно-договорная,"Информатика, История, Химия, Русский язык, Математика",39.03.01,39.03.01 — Социология,155,📉 Снижающийся,0,🟢 Высокие,0.85,
Очно-договорная,"Информатика, История, Химия, Русский язык, Математика",41.03.04,41.03.04 — Политология,146,📈 Растущий,0,🟢 Высокие,0.85,
Очно-договорная,"Информатика, История, Химия, Русский язык, Математика",05.03.06,05.03.06 — Экология и природопользование,146,➡️ Стабильный,0,🟢 Высокие,0.85,
Очно-договорная,"Информатика, История, Химия, Русский язык, Математика",27.03.05,27.03.05 — Инноватика,145,📈 Растущий,0,🟢 Высокие,0.85,
Очно-договорная,"Информатика, История, Физика, Русский язык, Математика",27.03.05,27.03.05 — Инноватика,145,📈 Растущий,0,🟢 Высокие,0.85,
Очно-договорная,"Информатика, История, Физика, Русский язык, Математика",23.03.01,23.03.01 Технология транспортных процессов,0,➡️ Стабильный,0,🟡 Низкие,0.35,
Очно-договорная,"Информатика, История, Физика, Русский язык, Математика",43.03.03,43.03.03 — Гостиничное дело,158,📉 Снижающийся,0,🟢 Высокие,0.85,
Очно-договорная,"Информатика, История, Физика, Русский язык, Математика",39.03.01,39.03.01 — Социология,155,📉 Снижающийся,0,🟢 Высокие,0.85,
Очно-договорная,"Информатика, История, Физика, Русский язык, Математика",41.03.04,41.03.04 — Политология,146,📈 Растущий,0,🟢 Высокие,0.85,
Очно-договорная,"Информатика, История, География, Русский язык, Математика",05.03.06,05.03.06 — Экология и природопользование,146,➡️ Стабильный,0,🟢 Высокие,0.85,
Очно-договорная,"Информатика, История, География, Русский язык, Математика",43.03.03,43.03.03 — Гостиничное дело,158,📉 Снижающийся,0,🟢 Высокие,0.85,
Очно-договорная,"Информатика, История, География, Русский язык, Математика",39.03.01,39.03.01 — Социология,155,📉 Снижающийся,0,🟢 Высокие,0.85,
Очно-договорная,"Информатика, История, География, Русский язык, Математика",41.03.04,41.03.04 — Политология,146,📈 Растущий,0,🟢 Высокие,0.85,
Очно-договорная,"Информатика, История, География, Русский язык, Математика",27.03.05,27.03.05 — Инноватика,145,📈 Растущий,0,🟢 Высокие,0.85,
Очно-договорная,"Информатика, История, Английский язык, Русский язык, Математика",43.03.03,43.03.03 — Гостиничное дело,158,📉 Снижающийся,0,🟢 Высокие,0.85,
Очно-договорная,"Информатика, История, Английский язык, Русский язык, Математика",39.03.01,39.03.01 — Социология,155,📉 Снижающийся,0,🟢 Высокие,0.85,
Очно-договорная,"Информатика, История, Английский язык, Русский язык, Математика",41.03.04,41.03.04 — Политология,146,📈 Растущий,0,🟢 Высокие,0.85,
Очно-договорная,"Информатика, История, Английский язык, Русский язык, Математика",42.03.01,42.03.01 — Реклама и связи с общественностью,143,📉 Снижающийся,0,🟢 Высокие,0.85,
Очно-договорная,"Информатика, История, Английский язык, Русский язык, Математика",40.03.01,40.03.01 — Юриспруденция,142,📉 Снижающийся,0,🟢 Высокие,0.85,
Очно-договорная,"Информатика, Биология, Химия, Русский язык, Математика",37.03.01,37.03.01 — Психология,147,➡️ Стабильный,0,🟢 Высокие,0.85,
Очно-договорная,"Информатика, Биология, Химия, Русский язык, Математика",05.03.06,05.03.06 — Экология и природопользование,146,➡️ Стабильный,0,🟢 Высокие,0.85,
Очно-договорная,"Информатика, Биология, Химия, Русский язык, Математика",27.03.05,27.03.05 — Инноватика,145,📈 Растущий,0,🟢 Высокие,0.85,
Очно-договорная,"Информатика, Биология, Химия, Русский язык, Математика",09.03.03,09.03.03 — Прикладная информатика,144,📉 Снижающийся,0,🟢 Высокие,0.85,
Очно-договорная,"Информатика, Биология, Химия, Русский язык, Математика",38.03.05,38.03.05 — Бизнес-информатика,139,➡️ Стабильный,0,🟢 Высокие,0.85,
Очно-договорная,"Информатика, Биология, Физика, Русский язык, Математика",27.03.05,27.03.05 — Инноватика,145,📈 Растущий,0,🟢 Высокие,0.85,
Очно-договорная,"Информатика, Биология, Физика, Русский язык, Математика",23.03.01,23.03.01 Технология транспортных процессов,0,➡️ Стабильный,0,🟡 Низкие,0.35,
Очно-договорная,"Информатика, Биология, Физика, Русский язык, Математика",37.03.01,37.03.01 — Психология,147,➡️ Стабильный,0,🟢 Высокие,0.85,
Очно-договорная,"Информатика, Биология, Физика, Русский язык, Математика",05.03.06,05.03.06 — Экология и природопользование,146,➡️ Стабильный,0,🟢 Высокие,0.85,
Очно-договорная,"Информатика, Биология, Физика, Русский язык, Математика",09.03.03,09.03.03 — Прикладная информатика,144,📉 Снижающийся,0,🟢 Высокие,0.85,
Очно-договорная,"Информатика, Биология, География, Русский язык, Математика",05.03.06,05.03.06 — Экология и природопользование,146,➡️ Стабильный,0,🟢 Высокие,0.85,
Очно-договорная,"Информатика, Биология, География, Русский язык, Математика",37.03.01,37.03.01 — Психология,147,➡️ Стабильный,0,🟢 Высокие,0.85,
Очно-договорная,"Информатика, Биология, География, Русский язык, Математика",27.03.05,27.03.05 — Инноватика,145,📈 Растущий,0,🟢 Высокие,0.85,
Очно-договорная,"Информатика, Биология, География, Русский язык, Математика",09.03.03,09.03.03 — Прикладная информатика,144,📉 Снижающийся,0,🟢 Высокие,0.85,
Очно-договорная,"Информатика, Биология, География, Русский язык, Математика",38.03.05,38.03.05 — Бизнес-информатика,139,➡️ Стабильный,0,🟢 Высокие,0.85,
Очно-договорная,"Информатика, Биология, Английский язык, Русский язык, Математика",43.03.03,43.03.03 — Гостиничное дело,158,📉 Снижающийся,0,🟢 Высокие,0.85,
Очно-договорная,"Информатика, Биология, Английский язык, Русский язык, Математика",39.03.01,39.03.01 — Социология,155,📉 Снижающийся,0,🟢 Высокие,0.85,
Очно-договорная,"Информатика, Биология, Английский язык, Русский язык, Математика",37.03.01,37.03.01 — Психология,147,➡️ Стабильный,0,🟢 Высокие,0.85,
Очно-договорная,"Информатика, Биология, Английский язык, Русский язык, Математика",41.03.04,41.03.04 — Политология,146,📈 Растущий,0,🟢 Высокие,0.85,
Очно-договорная,"Информатика, Биология, Английский язык, Русский язык, Математика",05.03.06,05.03.06 — Экология и природопользование,146,➡️ Стабильный,0,🟢 Высокие,0.85,
Очно-договорная,"Информатика, Химия, Физика, Русский язык, Математика",27.03.05,27.03.05 — Инноватика,145,📈 Растущий,0,🟢 Высокие,0.85,
Очно-договорная,"Информатика, Химия, Физика, Русский язык, Математика",23.03.01,23.03.01 Технология транспортных процессов,0,➡️ Стабильный,0,🟡 Низкие,0.35,
Очно-договорная,"Информатика, Химия, Физика, Русский язык, Математика",05.03.06,05.03.06 — Экология и природопользование,146,➡️ Стабильный,0,🟢 Высокие,0.85,
Очно-договорная,"Информатика, Химия, Физика, Русский язык, Математика",09.03.03,09.03.03 — Прикладная информатика,144,📉 Снижающийся,0,🟢 Высокие,0.85,
Очно-договорная,"Информатика, Химия, Физика, Русский язык, Математика",38.03.05,38.03.05 — Бизнес-информатика,139,➡️ Стабильный,0,🟢 Высокие,0.85,
Очно-договорная,"Информатика, Химия, География, Русский язык, Математика",05.03.06,05.03.06 — Экология и природопользование,146,➡️ Стабильный,0,🟢 Высокие,0.85,
Очно-договорная,"Информатика, Химия, География, Русский язык, Математика",27.03.05,27.03.05 — Инноватика,145,📈 Растущий,0,🟢 Высокие,0.85,
Очно-договорная,"Информатика, Химия, География, Русский язык, Математика",09.03.03,09.03.03 — Прикладная информатика,144,📉 Снижающийся,0,🟢 Высокие,0.85,
Очно-договорная,"Информатика, Химия, География, Русский язык, Математика",38.03.05,38.03.05 — Бизнес-информатика,139,➡️ Стабильный,0,🟢 Высокие,0.85,
Очно-договорная,"Информатика, Химия, География, Русский язык, Математика",01.03.05,01.03.05 Статистика,0,➡️ Стабильный,0,🟡 Низкие,0.35,
Очно-договорная,"Информатика, Химия, Английский язык, Русский язык, Математика",43.03.03,43.03.03 — Гостиничное дело,158,📉 Снижающийся,0,🟢 Высокие,0.85,
Очно-договорная,"Информатика, Химия, Английский язык, Русский язык, Математика",39.03.01,39.03.01 — Социология,155,📉 Снижающийся,0,🟢 Высокие,0.85,
Очно-договорная,"Информатика, Химия, Английский язык, Русский язык, Математика",41.03.04,41.03.04 — Политология,146,📈 Растущий,0,🟢 Высокие,0.85,
Очно-договорная,"Информатика, Химия, Английский язык, Русский язык, Математика",05.03.06,05.03.06 — Экология и природопользование,146,➡️ Стабильный,0,🟢 Высокие,0.85,
Очно-договорная,"Информатика, Химия, Английский язык, Русский язык, Математика",27.03.05,27.03.05 — Инноватика,145,📈 Растущий,0,🟢 Высокие,0.85,
Очно-договорная,"Информатика, Физика, География, Русский язык, Математика",05.03.06,05.03.06 — Экология и природопользование,146,➡️ Стабильный,0,🟢 Высокие,0.85,
Очно-договорная,"Информатика, Физика, География, Русский язык, Математика",27.03.05,27.03.05 — Инноватика,145,📈 Растущий,0,🟢 Высокие,0.85,
Очно-договорная,"Информатика, Физика, География, Русский язык, Математика",23.03.01,23.03.01 Технология транспортных процессов,0,➡️ Стабильный,0,🟡 Низкие,0.35,
Очно-договорная,"Информатика, Физика, География, Русский язык, Математика",09.03.03,09.03.03 — Прикладная информатика,144,📉 Снижающийся,0,🟢 Высокие,0.85,
Очно-договорная,"Информатика, Физика, География, Русский язык, Математика",38.03.05,38.03.05 — Бизнес-информатика,139,➡️ Стабильный,0,🟢 Высокие,0.85,
Очно-договорная,"Информатика, Физика, Английский язык, Русский язык, Математика",27.03.05,27.03.05 — Инноватика,145,📈 Растущий,0,🟢 Высокие,0.85,
Очно-договорная,"Информатика, Физика, Английский язык, Русский язык, Математика",23.03.01,23.03.01 Технология транспортных процессов,0,➡️ Стабильный,0,🟡 Низкие,0.35,
Очно-договорная,"Информатика, Физика, Английский язык, Русский язык, Математика",43.03.03,43.03.03 — Гостиничное дело,158,📉 Снижающийся,0,🟢 Высокие,0.85,
Очно-договорная,"Информатика, Физика, Английский язык, Русский язык, Математика",39.03.01,39.03.01 — Социология,155,📉 Снижающийся,0,🟢 Высокие,0.85,
Очно-договорная,"Информатика, Физика, Английский язык, Русский язык, Математика",41.03.04,41.03.04 — Политология,146,📈 Растущий,0,🟢 Высокие,0.85,
Очно-договорная,"Информатика, География, Английский язык, Русский язык, Математика",05.03.06,05.03.06 — Экология и природопользование,146,➡️ Стабильный,0,🟢 Высокие,0.85,
Очно-договорная,"Информатика, География, Английский язык, Русский язык, Математика",43.03.03,43.03.03 — Гостиничное дело,158,📉 Снижающийся,0,🟢 Высокие,0.85,
Очно-договорная,"Информатика, География, Английский язык, Русский язык, Математика",39.03.01,39.03.01 — Социология,155,📉 Снижающийся,0,🟢 Высокие,0.85,
Очно-договорная,"Информатика, География, Английский язык, Русский язык, Математика",41.03.04,41.03.04 — Политология,146,📈 Растущий,0,🟢 Высокие,0.85,
Очно-договорная,"Информатика, География, Английский язык, Русский язык, Математика",27.03.05,27.03.05 — Инноватика,145,📈 Растущий,0,🟢 Высокие,0.85,
Очно-договорная,"Обществознание, История, Биология, Русский язык, Математика",43.03.03,43.03.03 — Гостиничное дело,158,📉 Снижающийся,0,🟢 Высокие,0.85,
Очно-договорная,"Обществознание, История, Биология, Русский язык, Математика",39.03.01,39.03.01 — Социология,155,📉 Снижающийся,0,🟢 Высокие,0.85,
Очно-договорная,"Обществознание, История, Биология, Русский язык, Математика",37.03.01,37.03.01 — Психология,147,➡️ Стабильный,0,🟢 Высокие,0.85,
Очно-договорная,"Обществознание, История, Биология, Русский язык, Математика",41.03.04,41.03.04 — Политология,146,📈 Растущий,0,🟢 Высокие,0.85,
Очно-договорная,"Обществознание, История, Биология, Русский язык, Математика",42.03.01,42.03.01 — Реклама и связи с общественностью,143,📉 Снижающийся,0,🟢 Высокие,0.85,
Очно-договорная,"Обществознание, История, Химия, Русский язык, Математика",43.03.03,43.03.03 — Гостиничное дело,158,📉 Снижающийся,0,🟢 Высокие,0.85,
Очно-договорная,"Обществознание, История, Химия, Русский язык, Математика",39.03.01,39.03.01 — Социология,155,📉 Снижающийся,0,🟢 Высокие,0.85,
Очно-договорная,"Обществознание, История, Химия, Русский язык, Математика",41.03.04,41.03.04 — Политология,146,📈 Растущий,0,🟢 Высокие,0.85,
Очно-договорная,"Обществознание, История, Химия, Русский язык, Математика",42.03.01,42.03.01 — Реклама и связи с общественностью,143,📉 Снижающийся,0,🟢 Высокие,0.85,
Очно-договорная,"Обществознание, История, Химия, Русский язык, Математика",40.03.01,40.03.01 — Юриспруденция,142,📉 Снижающийся,0,🟢 Высокие,0.85,
Очно-договорная,"Обществознание, История, Физика, Русский язык, Математика",43.03.03,43.03.03 — Гостиничное дело,158,📉 Снижающийся,0,🟢 Высокие,0.85,
Очно-договорная,"Обществознание, История, Физика, Русский язык, Математика",39.03.01,39.03.01 — Социология,155,📉 Снижающийся,0,🟢 Высокие,0.85,
Очно-договорная,"Обществознание, История, Физика, Русский язык, Математика",41.03.04,41.03.04 — Политология,146,📈 Растущий,0,🟢 Высокие,0.85,
Очно-договорная,"Обществознание, История, Физика, Русский язык, Математика",42.03.01,42.03.01 — Реклама и связи с общественностью,143,📉 Снижающийся,0,🟢 Высокие,0.85,
Очно-договорная,"Обществознание, История, Физика, Русский язык, Математика",40.03.01,40.03.01 — Юриспруденция,142,📉 Снижающийся,0,🟢 Высокие,0.85,
Очно-договорная,"Обществознание, История, География, Русский язык, Математика",43.03.03,43.03.03 — Гостиничное дело,158,📉 Снижающийся,0,🟢 Высокие,0.85,
Очно-договорная,"Обществознание, История, География, Русский язык, Математика",39.03.01,39.03.01 — Социология,155,📉 Снижающийся,0,🟢 Высокие,0.85,
Очно-договорная,"Обществознание, История, География, Русский язык, Математика",41.03.04,41.03.04 — Политология,146,📈 Растущий,0,🟢 Высокие,0.85,
Очно-договорная,"Обществознание, История, География, Русский язык, Математика",42.03.01,42.03.01 — Реклама и связи с общественностью,143,📉 Снижающийся,0,🟢 Высокие,0.85,
Очно-договорная,"Обществознание, История, География, Русский язык, Математика",40.03.01,40.03.01 — Юриспруденция,142,📉 Снижающийся,0,🟢 Высокие,0.85,
Очно-договорная,"Обществознание, История, Английский язык, Русский язык, Математика",43.03.03,43.03.03 — Гостиничное дело,158,📉 Снижающийся,0,🟢 Высокие,0.85,
Очно-договорная,"Обществознание, История, Английский язык, Русский язык, Математика",39.03.01,39.03.01 — Социология,155,📉 Снижающийся,0,🟢 Высокие,0.85,
Очно-договорная,"Обществознание, История, Английский язык, Русский язык, Математика",41.03.04,41.03.04 — Политология,146,📈 Растущий,0,🟢 Высокие,0.85,
Очно-договорная,"Обществознание, История, Английский язык, Русский язык, Математика",42.03.01,42.03.01 — Реклама и связи с общественностью,143,📉 Снижающийся,0,🟢 Высокие,0.85,
Очно-договорная,"Обществознание, История, Английский язык, Русский язык, Математика",40.03.01,40.03.01 — Юриспруденция,142,📉 Снижающийся,0,🟢 Высокие,0.85,
Очно-договорная,"Обществознание, Биология, Химия, Русский язык, Математика",37.03.01,37.03.01 — Психология,147,➡️ Стабильный,0,🟢 Высокие,0.85,
Очно-договорная,"Обществознание, Биология, Химия, Русский язык, Математика",43.03.03,43.03.03 — Гостиничное дело,158,📉 Снижающийся,0,🟢 Высокие,0.85,
Очно-договорная,"Обществознание, Биология, Химия, Русский язык, Математика",39.03.01,39.03.01 — Социология,155,📉 Снижающийся,0,🟢 Высокие,0.85,
Очно-договорная,"Обществознание, Биология, Химия, Русский язык, Математика",41.03.04,41.03.04 — Политология,146,📈 Растущий,0,🟢 Высокие,0.85,
Очно-договорная,"Обществознание, Биология, Химия, Русский язык, Математика",38.03.03,38.03.03 — Управление персоналом,144,📉 Снижающийся,0,🟢 Высокие,0.85,
Очно-договорная,"Обществознание, Биология, Физика, Русский язык, Математика",37.03.01,37.03.01 — Психология,147,➡️ Стабильный,0,🟢 Высокие,0.85,
Очно-договорная,"Обществознание, Биология, Физика, Русский язык, Математика",43.03.03,43.03.03 — Гостиничное дело,158,📉 Снижающийся,0,🟢 Высокие,0.85,
Очно-договорная,"Обществознание, Биология, Физика, Русский язык, Математика",39.03.01,39.03.01 — Социология,155,📉 Снижающийся,0,🟢 Высокие,0.85,
Очно-договорная,"Обществознание, Биология, Физика, Русский язык, Математика",41.03.04,41.03.04 — Политология,146,📈 Растущий,0,🟢 Высокие,0.85,
Очно-договорная,"Обществознание, Биология, Физика, Русский язык, Математика",27.03.05,27.03.05 — Инноватика,145,📈 Растущий,0,🟢 Высокие,0.85,
Очно-договорная,"Обществознание, Биология, География, Русский язык, Математика",37.03.01,37.03.01 — Психология,147,➡️ Стабильный,0,🟢 Высокие,0.85,
Очно-договорная,"Обществознание, Биология, География, Русский язык, Математика",43.03.03,43.03.03 — Гостиничное дело,158,📉 Снижающийся,0,🟢 Высокие,0.85,
Очно-договорная,"Обществознание, Биология, География, Русский язык, Математика",39.03.01,39.03.01 — Социология,155,📉 Снижающийся,0,🟢 Высокие,0.85,
Очно-договорная,"Обществознание, Биология, География, Русский язык, Математика",41.03.04,41.03.04 — Политология,146,📈 Растущий,0,🟢 Высокие,0.85,
Очно-договорная,"Обществознание, Биология, География, Русский язык, Математика",05.03.06,05.03.06 — Экология и природопользование,146,➡️ Стабильный,0,🟢 Высокие,0.85,
Очно-договорная,"Обществознание, Биология, Английский язык, Русский язык, Математика",43.03.03,43.03.03 — Гостиничное дело,158,📉 Снижающийся,0,🟢 Высокие,0.85,
Очно-договорная,"Обществознание, Биология, Английский язык, Русский язык, Математика",39.03.01,39.03.01 — Социология,155,📉 Снижающийся,0,🟢 Высокие,0.85,
Очно-договорная,"Обществознание, Биология, Английский язык, Русский язык, Математика",37.03.01,37.03.01 — Психология,147,➡️ Стабильный,0,🟢 Высокие,0.85,
Очно-договорная,"Обществознание, Биология, Английский язык, Русский язык, Математика",41.03.04,41.03.04 — Политология,146,📈 Растущий,0,🟢 Высокие,0.85,
Очно-договорная,"Обществознание, Биология, Английский язык, Русский язык, Математика",38.03.03,38.03.03 — Управление персоналом,144,📉 Снижающийся,0,🟢 Высокие,0.85,
Очно-договорная,"Обществознание, Химия, Физика, Русский язык, Математика",43.03.03,43.03.03 — Гостиничное дело,158,📉 Снижающийся,0,🟢 Высокие,0.85,
Очно-договорная,"Обществознание, Химия, Физика, Русский язык, Математика",39.03.01,39.03.01 — Социология,155,📉 Снижающийся,0,🟢 Высокие,0.85,
Очно-договорная,"Обществознание, Химия, Физика, Русский язык, Математика",37.03.01,37.03.01 — Психология,147,➡️ Стабильный,0,🟢 Высокие,0.85,
Очно-договорная,"Обществознание, Химия, Физика, Русский язык, Математика",41.03.04,41.03.04 — Политология,146,📈 Растущий,0,🟢 Высокие,0.85,
Очно-договорная,"Обществознание, Химия, Физика, Русский язык, Математика",27.03.05,27.03.05 — Инноватика,145,📈 Растущий,0,🟢 Высокие,0.85,
Очно-договорная,"Обществознание, Химия, География, Русский язык, Математика",43.03.03,43.03.03 — Гостиничное дело,158,📉 Снижающийся,0,🟢 Высокие,0.85,
Очно-договорная,"Обществознание, Химия, География, Русский язык, Математика",39.03.01,39.03.01 — Социология,155,📉 Снижающийся,0,🟢 Высокие,0.85,
Очно-договорная,"Обществознание, Химия, География, Русский язык, Математика",37.03.01,37.03.01 — Психология,147,➡️ Стабильный,0,🟢 Высокие,0.85,
Очно-договорная,"Обществознание, Химия, География, Русский язык, Математика",41.03.04,41.03.04 — Политология,146,📈 Растущий,0,🟢 Высокие,0.85,
Очно-договорная,"Обществознание, Химия, География, Русский язык, Математика",05.03.06,05.03.06 — Экология и природопользование,146,➡️ Стабильный,0,🟢 Высокие,0.85,
Очно-договорная,"Обществознание, Химия, Английский язык, Русский язык, Математика",43.03.03,43.03.03 — Гостиничное дело,158,📉 Снижающийся,0,🟢 Высокие,0.85,
Очно-договорная,"Обществознание, Химия, Английский язык, Русский язык, Математика",39.03.01,39.03.01 — Социология,155,📉 Снижающийся,0,🟢 Высокие,0.85,
Очно-договорная,"Обществознание, Химия, Английский язык, Русский язык, Математика",41.03.04,41.03.04 — Политология,146,📈 Растущий,0,🟢 Высокие,0.85,
Очно-договорная,"Обществознание, Химия, Английский язык, Русский язык, Математика",38.03.03,38.03.03 — Управление персоналом,144,📉 Снижающийся,0,🟢 Высокие,0.85,
Очно-договорная,"Обществознание, Химия, Английский язык, Русский язык, Математика",42.03.01,42.03.01 — Реклама и связи с общественностью,143,📉 Снижающийся,0,🟢 Высокие,0.85,
Очно-договорная,"Обществознание, Физика, География, Русский язык, Математика",43.03.03,43.03.03 — Гостиничное дело,158,📉 Снижающийся,0,🟢 Высокие,0.85,
Очно-договорная,"Обществознание, Физика, География, Русский язык, Математика",39.03.01,39.03.01 — Социология,155,📉 Снижающийся,0,🟢 Высокие,0.85,
Очно-договорная,"Обществознание, Физика, География, Русский язык, Математика",37.03.01,37.03.01 — Психология,147,➡️ Стабильный,0,🟢 Высокие,0.85,
Очно-договорная,"Обществознание, Физика, География, Русский язык, Математика",41.03.04,41.03.04 — Политология,146,📈 Растущий,0,🟢 Высокие,0.85,
Очно-договорная,"Обществознание, Физика, География, Русский язык, Математика",05.03.06,05.03.06 — Экология и природопользование,146,➡️ Стабильный,0,🟢 Высокие,0.85,
Очно-договорная,"Обществознание, Физика, Английский язык, Русский язык, Математика",43.03.03,43.03.03 — Гостиничное дело,158,📉 Снижающийся,0,🟢 Высокие,0.85,
Очно-договорная,"Обществознание, Физика, Английский язык, Русский язык, Математика",39.03.01,39.03.01 — Социология,155,📉 Снижающийся,0,🟢 Высокие,0.85,
Очно-договорная,"Обществознание, Физика, Английский язык, Русский язык, Математика",41.03.04,41.03.04 — Политология,146,📈 Растущий,0,🟢 Высокие,0.85,
Очно-договорная,"Обществознание, Физика, Английский язык, Русский язык, Математика",38.03.03,38.03.03 — Управление персоналом,144,📉 Снижающийся,0,🟢 Высокие,0.85,
Очно-договорная,"Обществознание, Физика, Английский язык, Русский язык, Математика",42.03.01,42.03.01 — Реклама и связи с общественностью,143,📉 Снижающийся,0,🟢 Высокие,0.85,
Очно-договорная,"Обществознание, География, Английский язык, Русский язык, Математика",43.03.03,43.03.03 — Гостиничное дело,158,📉 Снижающийся,0,🟢 Высокие,0.85,
Очно-договорная,"Обществознание, География, Английский язык, Русский язык, Математика",39.03.01,39.03.01 — Социология,155,📉 Снижающийся,0,🟢 Высокие,0.85,
Очно-договорная,"Обществознание, География, Английский язык, Русский язык, Математика",41.03.04,41.03.04 — Политология,146,📈 Растущий,0,🟢 Высокие,0.85,
Очно-договорная,"Обществознание, География, Английский язык, Русский язык, Математика",38.03.03,38.03.03 — Управление персоналом,144,📉 Снижающийся,0,🟢 Высокие,0.85,
Очно-договорная,"Обществознание, География, Английский язык, Русский язык, Математика",42.03.01,42.03.01 — Реклама и связи с общественностью,143,📉 Снижающийся,0,🟢 Высокие,0.85,
Очно-договорная,"История, Биология, Химия, Русский язык, Математика",43.03.03,43.03.03 — Гостиничное дело,158,📉 Снижающийся,0,🟢 Высокие,0.85,
Очно-договорная,"История, Биология, Химия, Русский язык, Математика",39.03.01,39.03.01 — Социология,155,📉 Снижающийся,0,🟢 Высокие,0.85,
Очно-договорная,"История, Биология, Химия, Русский язык, Математика",37.03.01,37.03.01 — Психология,147,➡️ Стабильный,0,🟢 Высокие,0.85,
Очно-договорная,"История, Биология, Химия, Русский язык, Математика",41.03.04,41.03.04 — Политология,146,📈 Растущий,0,🟢 Высокие,0.85,
Очно-договорная,"История, Биология, Химия, Русский язык, Математика",42.03.01,42.03.01 — Реклама и связи с общественностью,143,📉 Снижающийся,0,🟢 Высокие,0.85,
Очно-договорная,"История, Биология, Физика, Русский язык, Математика",43.03.03,43.03.03 — Гостиничное дело,158,📉 Снижающийся,0,🟢 Высокие,0.85,
Очно-договорная,"История, Биология, Физика, Русский язык, Математика",39.03.01,39.03.01 — Социология,155,📉 Снижающийся,0,🟢 Высокие,0.85,
Очно-договорная,"История, Биология, Физика, Русский язык, Математика",37.03.01,37.03.01 — Психология,147,➡️ Стабильный,0,🟢 Высокие,0.85,
Очно-договорная,"История, Биология, Физика, Русский язык, Математика",41.03.04,41.03.04 — Политология,146,📈 Растущий,0,🟢 Высокие,0.85,
Очно-договорная,"История, Биология, Физика, Русский язык, Математика",27.03.05,27.03.05 — Инноватика,145,📈 Растущий,0,🟢 Высокие,0.85,
Очно-договорная,"История, Биология, География, Русский язык, Математика",43.03.03,43.03.03 — Гостиничное дело,158,📉 Снижающийся,0,🟢 Высокие,0.85,
Очно-договорная,"История, Биология, География, Русский язык, Математика",39.03.01,39.03.01 — Социология,155,📉 Снижающийся,0,🟢 Высокие,0.85,
Очно-договорная,"История, Биология, География, Русский язык, Математика",37.03.01,37.03.01 — Психология,147,➡️ Стабильный,0,🟢 Высокие,0.85,
Очно-договорная,"История, Биология, География, Русский язык, Математика",41.03.04,41.03.04 — Политология,146,📈 Растущий,0,🟢 Высокие,0.85,
Очно-договорная,"История, Биология, География, Русский язык, Математика",05.03.06,05.03.06 — Экология и природопользование,146,➡️ Стабильный,0,🟢 Высокие,0.85,
Очно-договорная,"История, Биология, Английский язык, Русский язык, Математика",43.03.03,43.03.03 — Гостиничное дело,158,📉 Снижающийся,0,🟢 Высокие,0.85,
Очно-договорная,"История, Биология, Английский язык, Русский язык, Математика",39.03.01,39.03.01 — Социология,155,📉 Снижающийся,0,🟢 Высокие,0.85,
Очно-договорная,"История, Биология, Английский язык, Русский язык, Математика",41.03.04,41.03.04 — Политология,146,📈 Растущий,0,🟢 Высокие,0.85,
Очно-договорная,"История, Биология, Английский язык, Русский язык, Математика",42.03.01,42.03.01 — Реклама и связи с общественностью,143,📉 Снижающийся,0,🟢 Высокие,0.85,
Очно-договорная,"История, Биология, Английский язык, Русский язык, Математика",40.03.01,40.03.01 — Юриспруденция,142,📉 Снижающийся,0,🟢 Высокие,0.85,
Очно-договорная,"История, Химия, Физика, Русский язык, Математика",43.03.03,43.03.03 — Гостиничное дело,158,📉 Снижающийся,0,🟢 Высокие,0.85,
Очно-договорная,"История, Химия, Физика, Русский язык, Математика",39.03.01,39.03.01 — Социология,155,📉 Снижающийся,0,🟢 Высокие,0.85,
Очно-договорная,"История, Химия, Физика, Русский язык, Математика",41.03.04,41.03.04 — Политология,146,📈 Растущий,0,🟢 Высокие,0.85,
Очно-договорная,"История, Химия, Физика, Русский язык, Математика",27.03.05,27.03.05 — Инноватика,145,📈 Растущий,0,🟢 Высокие,0.85,
Очно-договорная,"История, Химия, Физика, Русский язык, Математика",42.03.01,42.03.01 — Реклама и связи с общественностью,143,📉 Снижающийся,0,🟢 Высокие,0.85,
Очно-договорная,"История, Химия, География, Русский язык, Математика",43.03.03,43.03.03 — Гостиничное дело,158,📉 Снижающийся,0,🟢 Высокие,0.85,
Очно-договорная,"История, Химия, География, Русский язык, Математика",39.03.01,39.03.01 — Социология,155,📉 Снижающийся,0,🟢 Высокие,0.85,
Очно-договорная,"История, Химия, География, Русский язык, Математика",41.03.04,41.03.04 — Политология,146,📈 Растущий,0,🟢 Высокие,0.85,
Очно-договорная,"История, Химия, География, Русский язык, Математика",05.03.06,05.03.06 — Экология и природопользование,146,➡️ Стабильный,0,🟢 Высокие,0.85,
Очно-договорная,"История, Химия, География, Русский язык, Математика",42.03.01,42.03.01 — Реклама и связи с общественностью,143,📉 Снижающийся,0,🟢 Высокие,0.85,
Очно-договорная,"История, Химия, Английский язык, Русский язык, Математика",43.03.03,43.03.03 — Гостиничное дело,158,📉 Снижающийся,0,🟢 Высокие,0.85,
Очно-договорная,"История, Химия, Английский язык, Русский язык, Математика",39.03.01,39.03.01 — Социология,155,📉 Снижающийся,0,🟢 Высокие,0.85,
Очно-договорная,"История, Химия, Английский язык, Русский язык, Математика",41.03.04,41.03.04 — Политология,146,📈 Растущий,0,🟢 Высокие,0.85,
Очно-договорная,"История, Химия, Английский язык, Русский язык, Математика",42.03.01,42.03.01 — Реклама и связи с общественностью,143,📉 Снижающийся,0,🟢 Высокие,0.85,
Очно-договорная,"История, Химия, Английский язык, Русский язык, Математика",40.03.01,40.03.01 — Юриспруденция,142,📉 Снижающийся,0,🟢 Высокие,0.85,
Очно-договорная,"История, Физика, География, Русский язык, Математика",43.03.03,43.03.03 — Гостиничное дело,158,📉 Снижающийся,0,🟢 Высокие,0.85,
Очно-договорная,"История, Физика, География, Русский язык, Математика",39.03.01,39.03.01 — Социология,155,📉 Снижающийся,0,🟢 Высокие,0.85,
Очно-договорная,"История, Физика, География, Русский язык, Математика",41.03.04,41.03.04 — Политология,146,📈 Растущий,0,🟢 Высокие,0.85,
Очно-договорная,"История, Физика, География, Русский язык, Математика",05.03.06,05.03.06 — Экология и природопользование,146,➡️ Стабильный,0,🟢 Высокие,0.85,
Очно-договорная,"История, Физика, География, Русский язык, Математика",27.03.05,27.03.05 — Инноватика,145,📈 Растущий,0,🟢 Высокие,0.85,
Очно-договорная,"История, Физика, Английский язык, Русский язык, Математика",43.03.03,43.03.03 — Гостиничное дело,158,📉 Снижающийся,0,🟢 Высокие,0.85,
Очно-договорная,"История, Физика, Английский язык, Русский язык, Математика",39.03.01,39.03.01 — Социология,155,📉 Снижающийся,0,🟢 Высокие,0.85,
Очно-договорная,"История, Физика, Английский язык, Русский язык, Математика",41.03.04,41.03.04 — Политология,146,📈 Растущий,0,🟢 Высокие,0.85,
Очно-договорная,"История, Физика, Английский язык, Русский язык, Математика",42.03.01,42.03.01 — Реклама и связи с общественностью,143,📉 Снижающийся,0,🟢 Высокие,0.85,
Очно-договорная,"История, Физика, Английский язык, Русский язык, Математика",40.03.01,40.03.01 — Юриспруденция,142,📉 Снижающийся,0,🟢 Высокие,0.85,
Очно-договорная,"История, География, Английский язык, Русский язык, Математика",43.03.03,43.03.03 — Гостиничное дело,158,📉 Снижающийся,0,🟢 Высокие,0.85,
Очно-договорная,"История, География, Английский язык, Русский язык, Математика",39.03.01,39.03.01 — Социология,155,📉 Снижающийся,0,🟢 Высокие,0.85,
Очно-договорная,"История, География, Английский язык, Русский язык, Математика",41.03.04,41.03.04 — Политология,146,📈 Растущий,0,🟢 Высокие,0.85,
Очно-договорная,"История, География, Английский язык, Русский язык, Математика",42.03.01,42.03.01 — Реклама и связи с общественностью,143,📉 Снижающийся,0,🟢 Высокие,0.85,
Очно-договорная,"История, География, Английский язык, Русский язык, Математика",40.03.01,40.03.01 — Юриспруденция,142,📉 Снижающийся,0,🟢 Высокие,0.85,
Очно-договорная,"Биология, Химия, Физика, Русский язык, Математика",37.03.01,37.03.01 — Психология,147,➡️ Стабильный,0,🟢 Высокие,0.85,
Очно-договорная,"Биология, Химия, Физика, Русский язык, Математика",27.03.05,27.03.05 — Инноватика,145,📈 Растущий,0,🟢 Высокие,0.85,
Очно-договорная,"Биология, Химия, Физика, Русский язык, Математика",23.03.01,23.03.01 Технология транспортных процессов,0,➡️ Стабильный,0,🟡 Низкие,0.35,
Очно-договорная,"Биология, Химия, География, Русский язык, Математика",37.03.01,37.03.01 — Психология,147,➡️ Стабильный,0,🟢 Высокие,0.85,
Очно-договорная,"Биология, Химия, География, Русский язык, Математика",05.03.06,05.03.06 — Экология и природопользование,146,➡️ Стабильный,0,🟢 Высокие,0.85,
Очно-договорная,"Биология, Химия, Английский язык, Русский язык, Математика",43.03.03,43.03.03 — Гостиничное дело,158,📉 Снижающийся,0,🟢 Высокие,0.85,
Очно-договорная,"Биология, Химия, Английский язык, Русский язык, Математика",39.03.01,39.03.01 — Социология,155,📉 Снижающийся,0,🟢 Высокие,0.85,
Очно-договорная,"Биология, Химия, Английский язык, Русский язык, Математика",37.03.01,37.03.01 — Психология,147,➡️ Стабильный,0,🟢 Высокие,0.85,
Очно-договорная,"Биология, Химия, Английский язык, Русский язык, Математика",41.03.04,41.03.04 — Политология,146,📈 Растущий,0,🟢 Высокие,0.85,
Очно-договорная,"Биология, Химия, Английский язык, Русский язык, Математика",38.03.03,38.03.03 — Управление персоналом,144,📉 Снижающийся,0,🟢 Высокие,0.85,
Очно-договорная,"Биология, Физика, География, Русский язык, Математика",37.03.01,37.03.01 — Психология,147,➡️ Стабильный,0,🟢 Высокие,0.85,
Очно-договорная,"Биология, Физика, География, Русский язык, Математика",05.03.06,05.03.06 — Экология и природопользование,146,➡️ Стабильный,0,🟢 Высокие,0.85,
Очно-договорная,"Биология, Физика, География, Русский язык, Математика",27.03.05,27.03.05 — Инноватика,145,📈 Растущий,0,🟢 Высокие,0.85,
Очно-договорная,"Биология, Физика, География, Русский язык, Математика",23.03.01,23.03.01 Технология транспортных процессов,0,➡️ Стабильный,0,🟡 Низкие,0.35,
Очно-договорная,"Биология, Физика, Английский язык, Русский язык, Математика",43.03.03,43.03.03 — Гостиничное дело,158,📉 Снижающийся,0,🟢 Высокие,0.85,
Очно-договорная,"Биология, Физика, Английский язык, Русский язык, Математика",39.03.01,39.03.01 — Социология,155,📉 Снижающийся,0,🟢 Высокие,0.85,
Очно-договорная,"Биология, Физика, Английский язык, Русский язык, Математика",37.03.01,37.03.01 — Психология,147,➡️ Стабильный,0,🟢 Высокие,0.85,
Очно-договорная,"Биология, Физика, Английский язык, Русский язык, Математика",41.03.04,41.03.04 — Политология,146,📈 Растущий,0,🟢 Высокие,0.85,
Очно-договорная,"Биология, Физика, Английский язык, Русский язык, Математика",27.03.05,27.03.05 — Инноватика,145,📈 Растущий,0,🟢 Высокие,0.85,
Очно-договорная,"Биология, География, Английский язык, Русский язык, Математика",43.03.03,43.03.03 — Гостиничное дело,158,📉 Снижающийся,0,🟢 Высокие,0.85,
Очно-договорная,"Биология, География, Английский язык, Русский язык, Математика",39.03.01,39.03.01 — Социология,155,📉 Снижающийся,0,🟢 Высокие,0.85,
Очно-договорная,"Биология, География, Английский язык, Русский язык, Математика",37.03.01,37.03.01 — Психология,147,➡️ Стабильный,0,🟢 Высокие,0.85,
Очно-договорная,"Биология, География, Английский язык, Русский язык, Математика",41.03.04,41.03.04 — Политология,146,📈 Растущий,0,🟢 Высокие,0.85,
Очно-договорная,"Биология, География, Английский язык, Русский язык, Математика",05.03.06,05.03.06 — Экология и природопользование,146,➡️ Стабильный,0,🟢 Высокие,0.85,
Очно-договорная,"Химия, Физика, География, Русский язык, Математика",05.03.06,05.03.06 — Экология и природопользование,146,➡️ Стабильный,0,🟢 Высокие,0.85,
Очно-договорная,"Химия, Физика, География, Русский язык, Математика",27.03.05,27.03.05 — Инноватика,145,📈 Растущий,0,🟢 Высокие,0.85,
Очно-договорная,"Химия, Физика, География, Русский язык, Математика",23.03.01,23.03.01 Технология транспортных процессов,0,➡️ Стабильный,0,🟡 Низкие,0.35,
Очно-договорная,"Химия, Физика, Английский язык, Русский язык, Математика",43.03.03,43.03.03 — Гостиничное дело,158,📉 Снижающийся,0,🟢 Высокие,0.85,
Очно-договорная,"Химия, Физика, Английский язык, Русский язык, Математика",39.03.01,39.03.01 — Социология,155,📉 Снижающийся,0,🟢 Высокие,0.85,
Очно-договорная,"Химия, Физика, Английский язык, Русский язык, Математика",41.03.04,41.03.04 — Политология,146,📈 Растущий,0,🟢 Высокие,0.85,
Очно-договорная,"Химия, Физика, Английский язык, Русский язык, Математика",27.03.05,27.03.05 — Инноватика,145,📈 Растущий,0,🟢 Высокие,0.85,
Очно-договорная,"Химия, Физика, Английский язык, Русский язык, Математика",38.03.03,38.03.03 — Управление персоналом,144,📉 Снижающийся,0,🟢 Высокие,0.85,
Очно-договорная,"Химия, География, Английский язык, Русский язык, Математика",43.03.03,43.03.03 — Гостиничное дело,158,📉 Снижающийся,0,🟢 Высокие,0.85,
Очно-договорная,"Химия, География, Английский язык, Русский язык, Математика",39.03.01,39.03.01 — Социология,155,📉 Снижающийся,0,🟢 Высокие,0.85,
Очно-договорная,"Химия, География, Английский язык, Русский язык, Математика",41.03.04,41.03.04 — Политология,146,📈 Растущий,0,🟢 Высокие,0.85,
Очно-договорная,"Химия, География, Английский язык, Русский язык, Математика",05.03.06,05.03.06 — Экология и природопользование,146,➡️ Стабильный,0,🟢 Высокие,0.85,
Очно-договорная,"Химия, География, Английский язык, Русский язык, Математика",38.03.03,38.03.03 — Управление персоналом,144,📉 Снижающийся,0,🟢 Высокие,0.85,
Очно-договорная,"Физика, География, Английский язык, Русский язык, Математика",43.03.03,43.03.03 — Гостиничное дело,158,📉 Снижающийся,0,🟢 Высокие,0.85,
Очно-договорная,"Физика, География, Английский язык, Русский язык, Математика",39.03.01,39.03.01 — Социология,155,📉 Снижающийся,0,🟢 Высокие,0.85,
Очно-договорная,"Физика, География, Английский язык, Русский язык, Математика",41.03.04,41.03.04 — Политология,146,📈 Растущий,0,🟢 Высокие,0.85,
Очно-договорная,"Физика, География, Английский язык, Русский язык, Математика",05.03.06,05.03.06 — Экология и природопользование,146,➡️ Стабильный,0,🟢 Высокие,0.85,
Очно-договорная,"Физика, География, Английский язык, Русский язык, Математика",27.03.05,27.03.05 — Инноватика,145,📈 Растущий,0,🟢 Высокие,0.85,
Очно-заочная бюджет,"Математика, Информатика, Русский язык",,НАПРАВЛЕНИЯ НЕ НАЙДЕНЫ,,,,—,,
Очно-заочная бюджет,"Математика, Обществознание, Русский язык",38.03.02,38.03.02 — Менеджмент,231,📈 Растущий,0,🟢 Высокие,0.85,
Очно-заочная бюджет,"Математика, Обществознание, Русский язык",38.03.01,38.03.01 — Экономика,226,📈 Растущий,0,🟢 Высокие,0.85,
Очно-заочная бюджет,"Математика, История, Русский язык",,НАПРАВЛЕНИЯ НЕ НАЙДЕНЫ,,,,—,,
Очно-заочная бюджет,"Математика, Биология, Русский язык",,НАПРАВЛЕНИЯ НЕ НАЙДЕНЫ,,,,—,,
Очно-заочная бюджет,"Математика, Химия, Русский язык",,НАПРАВЛЕНИЯ НЕ НАЙДЕНЫ,,,,—,,
Очно-заочная бюджет,"Математика, Физика, Русский язык",,НАПРАВЛЕНИЯ НЕ НАЙДЕНЫ,,,,—,,
Очно-заочная бюджет,"Математика, География, Русский язык",,НАПРАВЛЕНИЯ НЕ НАЙДЕНЫ,,,,—,,
Очно-заочная бюджет,"Математика, Английский язык, Русский язык",38.03.02,38.03.02 — Менеджмент,231,📈 Растущий,0,🟢 Высокие,0.85,
Очно-заочная бюджет,"Математика, Английский язык, Русский язык",38.03.01,38.03.01 — Экономика,226,📈 Растущий,0,🟢 Высокие,0.85,
Очно-заочная бюджет,"Информатика, Обществознание, Русский язык, Математика",38.03.02,38.03.02 — Менеджмент,231,📈 Растущий,0,🟢 Высокие,0.85,
Очно-заочная бюджет,"Информатика, Обществознание, Русский язык, Математика",38.03.01,38.03.01 — Экономика,226,📈 Растущий,0,🟢 Высокие,0.85,
Очно-заочная бюджет,"Информатика, История, Русский язык, Математика",,НАПРАВЛЕНИЯ НЕ НАЙДЕНЫ,,,,—,,
Очно-заочная бюджет,"Информатика, Биология, Русский язык, Математика",,НАПРАВЛЕНИЯ НЕ НАЙДЕНЫ,,,,—,,
Очно-заочная бюджет,"Информатика, Химия, Русский язык, Математика",,НАПРАВЛЕНИЯ НЕ НАЙДЕНЫ,,,,—,,
Очно-заочная бюджет,"Информатика, Физика, Русский язык, Математика",,НАПРАВЛЕНИЯ НЕ НАЙДЕНЫ,,,,—,,
Очно-заочная бюджет,"Информатика, География, Русский язык, Математика",,НАПРАВЛЕНИЯ НЕ НАЙДЕНЫ,,,,—,,
Очно-заочная бюджет,"Информатика, Английский язык, Русский язык, Математика",38.03.02,38.03.02 — Менеджмент,231,📈 Растущий,0,🟢 Высокие,0.85,
Очно-заочная бюджет,"Информатика, Английский язык, Русский язык, Математика",38.03.01,38.03.01 — Экономика,226,📈 Растущий,0,🟢 Высокие,0.85,
Очно-заочная бюджет,"Обществознание, История, Русский язык, Математика",38.03.02,38.03.02 — Менеджмент,231,📈 Растущий,0,🟢 Высокие,0.85,
Очно-заочная бюджет,"Обществознание, История, Русский язык, Математика",38.03.01,38.03.01 — Экономика,226,📈 Растущий,0,🟢 Высокие,0.85,
Очно-заочная бюджет,"Обществознание, Биология, Русский язык, Математика",38.03.02,38.03.02 — Менеджмент,231,📈 Растущий,0,🟢 Высокие,0.85,
Очно-заочная бюджет,"Обществознание, Биология, Русский язык, Математика",38.03.01,38.03.01 — Экономика,226,📈 Растущий,0,🟢 Высокие,0.85,
Очно-заочная бюджет,"Обществознание, Химия, Русский язык, Математика",38.03.02,38.03.02 — Менеджмент,231,📈 Растущий,0,🟢 Высокие,0.85,
Очно-заочная бюджет,"Обществознание, Химия, Русский язык, Математика",38.03.01,38.03.01 — Экономика,226,📈 Растущий,0,🟢 Высокие,0.85,
Очно-заочная бюджет,"Обществознание, Физика, Русский язык, Математика",38.03.02,38.03.02 — Менеджмент,231,📈 Растущий,0,🟢 Высокие,0.85,
Очно-заочная бюджет,"Обществознание, Физика, Русский язык, Математика",38.03.01,38.03.01 — Экономика,226,📈 Растущий,0,🟢 Высокие,0.85,
Очно-заочная бюджет,"Обществознание, География, Русский язык, Математика",38.03.02,38.03.02 — Менеджмент,231,📈 Растущий,0,🟢 Высокие,0.85,
Очно-заочная бюджет,"Обществознание, География, Русский язык, Математика",38.03.01,38.03.01 — Экономика,226,📈 Растущий,0,🟢 Высокие,0.85,
Очно-заочная бюджет,"Обществознание, Английский язык, Русский язык, Математика",38.03.02,38.03.02 — Менеджмент,231,📈 Растущий,0,🟢 Высокие,0.85,
Очно-заочная бюджет,"Обществознание, Английский язык, Русский язык, Математика",38.03.01,38.03.01 — Экономика,226,📈 Растущий,0,🟢 Высокие,0.85,
Очно-заочная бюджет,"История, Биология, Русский язык, Математика",,НАПРАВЛЕНИЯ НЕ НАЙДЕНЫ,,,,—,,
Очно-заочная бюджет,"История, Химия, Русский язык, Математика",,НАПРАВЛЕНИЯ НЕ НАЙДЕНЫ,,,,—,,
Очно-заочная бюджет,"История, Физика, Русский язык, Математика",,НАПРАВЛЕНИЯ НЕ НАЙДЕНЫ,,,,—,,
Очно-заочная бюджет,"История, География, Русский язык, Математика",,НАПРАВЛЕНИЯ НЕ НАЙДЕНЫ,,,,—,,
Очно-заочная бюджет,"История, Английский язык, Русский язык, Математика",38.03.02,38.03.02 — Менеджмент,231,📈 Растущий,0,🟢 Высокие,0.85,
Очно-заочная бюджет,"История, Английский язык, Русский язык, Математика",38.03.01,38.03.01 — Экономика,226,📈 Растущий,0,🟢 Высокие,0.85,
Очно-заочная бюджет,"Биология, Химия, Русский язык, Математика",,НАПРАВЛЕНИЯ НЕ НАЙДЕНЫ,,,,—,,
Очно-заочная бюджет,"Биология, Физика, Русский язык, Математика",,НАПРАВЛЕНИЯ НЕ НАЙДЕНЫ,,,,—,,
Очно-заочная бюджет,"Биология, География, Русский язык, Математика",,НАПРАВЛЕНИЯ НЕ НАЙДЕНЫ,,,,—,,
Очно-заочная бюджет,"Биология, Английский язык, Русский язык, Математика",38.03.02,38.03.02 — Менеджмент,231,📈 Растущий,0,🟢 Высокие,0.85,
Очно-заочная бюджет,"Биология, Английский язык, Русский язык, Математика",38.03.01,38.03.01 — Экономика,226,📈 Растущий,0,🟢 Высокие,0.85,
Очно-заочная бюджет,"Химия, Физика, Русский язык, Математика",,НАПРАВЛЕНИЯ НЕ НАЙДЕНЫ,,,,—,,
Очно-заочная бюджет,"Химия, География, Русский язык, Математика",,НАПРАВЛЕНИЯ НЕ НАЙДЕНЫ,,,,—,,
Очно-заочная бюджет,"Химия, Английский язык, Русский язык, Математика",38.03.02,38.03.02 — Менеджмент,231,📈 Растущий,0,🟢 Высокие,0.85,
Очно-заочная бюджет,"Химия, Английский язык, Русский язык, Математика",38.03.01,38.03.01 — Экономика,226,📈 Растущий,0,🟢 Высокие,0.85,
Очно-заочная бюджет,"Физика, География, Русский язык, Математика",,НАПРАВЛЕНИЯ НЕ НАЙДЕНЫ,,,,—,,
Очно-заочная бюджет,"Физика, Английский язык, Русский язык, Математика",38.03.02,38.03.02 — Менеджмент,231,📈 Растущий,0,🟢 Высокие,0.85,
Очно-заочная бюджет,"Физика, Английский язык, Русский язык, Математика",38.03.01,38.03.01 — Экономика,226,📈 Растущий,0,🟢 Высокие,0.85,
Очно-заочная бюджет,"География, Английский язык, Русский язык, Математика",38.03.02,38.03.02 — Менеджмент,231,📈 Растущий,0,🟢 Высокие,0.85,
Очно-заочная бюджет,"География, Английский язык, Русский язык, Математика",38.03.01,38.03.01 — Экономика,226,📈 Растущий,0,🟢 Высокие,0.85,
Очно-заочная бюджет,"Математика, Информатика, Обществознание, Русский язык",38.03.02,38.03.02 — Менеджмент,231,📈 Растущий,0,🟢 Высокие,0.85,
Очно-заочная бюджет,"Математика, Информатика, Обществознание, Русский язык",38.03.01,38.03.01 — Экономика,226,📈 Растущий,0,🟢 Высокие,0.85,
Очно-заочная бюджет,"Математика, Информатика, История, Русский язык",,НАПРАВЛЕНИЯ НЕ НАЙДЕНЫ,,,,—,,
Очно-заочная бюджет,"Математика, Информатика, Биология, Русский язык",,НАПРАВЛЕНИЯ НЕ НАЙДЕНЫ,,,,—,,
Очно-заочная бюджет,"Математика, Информатика, Химия, Русский язык",,НАПРАВЛЕНИЯ НЕ НАЙДЕНЫ,,,,—,,
Очно-заочная бюджет,"Математика, Информатика, Физика, Русский язык",,НАПРАВЛЕНИЯ НЕ НАЙДЕНЫ,,,,—,,
Очно-заочная бюджет,"Математика, Информатика, География, Русский язык",,НАПРАВЛЕНИЯ НЕ НАЙДЕНЫ,,,,—,,
Очно-заочная бюджет,"Математика, Информатика, Английский язык, Русский язык",38.03.02,38.03.02 — Менеджмент,231,📈 Растущий,0,🟢 Высокие,0.85,
Очно-заочная бюджет,"Математика, Информатика, Английский язык, Русский язык",38.03.01,38.03.01 — Экономика,226,📈 Растущий,0,🟢 Высокие,0.85,
Очно-заочная бюджет,"Математика, Обществознание, История, Русский язык",38.03.02,38.03.02 — Менеджмент,231,📈 Растущий,0,🟢 Высокие,0.85,
Очно-заочная бюджет,"Математика, Обществознание, История, Русский язык",38.03.01,38.03.01 — Экономика,226,📈 Растущий,0,🟢 Высокие,0.85,
Очно-заочная бюджет,"Математика, Обществознание, Биология, Русский язык",38.03.02,38.03.02 — Менеджмент,231,📈 Растущий,0,🟢 Высокие,0.85,
Очно-заочная бюджет,"Математика, Обществознание, Биология, Русский язык",38.03.01,38.03.01 — Экономика,226,📈 Растущий,0,🟢 Высокие,0.85,
Очно-заочная бюджет,"Математика, Обществознание, Химия, Русский язык",38.03.02,38.03.02 — Менеджмент,231,📈 Растущий,0,🟢 Высокие,0.85,
Очно-заочная бюджет,"Математика, Обществознание, Химия, Русский язык",38.03.01,38.03.01 — Экономика,226,📈 Растущий,0,🟢 Высокие,0.85,
Очно-заочная бюджет,"Математика, Обществознание, Физика, Русский язык",38.03.02,38.03.02 — Менеджмент,231,📈 Растущий,0,🟢 Высокие,0.85,
Очно-заочная бюджет,"Математика, Обществознание, Физика, Русский язык",38.03.01,38.03.01 — Экономика,226,📈 Растущий,0,🟢 Высокие,0.85,
Очно-заочная бюджет,"Математика, Обществознание, География, Русский язык",38.03.02,38.03.02 — Менеджмент,231,📈 Растущий,0,🟢 Высокие,0.85,
Очно-заочная бюджет,"Математика, Обществознание, География, Русский язык",38.03.01,38.03.01 — Экономика,226,📈 Растущий,0,🟢 Высокие,0.85,
Очно-заочная бюджет,"Математика, Обществознание, Английский язык, Русский язык",38.03.02,38.03.02 — Менеджмент,231,📈 Растущий,0,🟢 Высокие,0.85,
Очно-заочная бюджет,"Математика, Обществознание, Английский язык, Русский язык",38.03.01,38.03.01 — Экономика,226,📈 Растущий,0,🟢 Высокие,0.85,
Очно-заочная бюджет,"Математика, История, Биология, Русский язык",,НАПРАВЛЕНИЯ НЕ НАЙДЕНЫ,,,,—,,
Очно-заочная бюджет,"Математика, История, Химия, Русский язык",,НАПРАВЛЕНИЯ НЕ НАЙДЕНЫ,,,,—,,
Очно-заочная бюджет,"Математика, История, Физика, Русский язык",,НАПРАВЛЕНИЯ НЕ НАЙДЕНЫ,,,,—,,
Очно-заочная бюджет,"Математика, История, География, Русский язык",,НАПРАВЛЕНИЯ НЕ НАЙДЕНЫ,,,,—,,
Очно-заочная бюджет,"Математика, История, Английский язык, Русский язык",38.03.02,38.03.02 — Менеджмент,231,📈 Растущий,0,🟢 Высокие,0.85,
Очно-заочная бюджет,"Математика, История, Английский язык, Русский язык",38.03.01,38.03.01 — Экономика,226,📈 Растущий,0,🟢 Высокие,0.85,
Очно-заочная бюджет,"Математика, Биология, Химия, Русский язык",,НАПРАВЛЕНИЯ НЕ НАЙДЕНЫ,,,,—,,
Очно-заочная бюджет,"Математика, Биология, Физика, Русский язык",,НАПРАВЛЕНИЯ НЕ НАЙДЕНЫ,,,,—,,
Очно-заочная бюджет,"Математика, Биология, География, Русский язык",,НАПРАВЛЕНИЯ НЕ НАЙДЕНЫ,,,,—,,
Очно-заочная бюджет,"Математика, Биология, Английский язык, Русский язык",38.03.02,38.03.02 — Менеджмент,231,📈 Растущий,0,🟢 Высокие,0.85,
Очно-заочная бюджет,"Математика, Биология, Английский язык, Русский язык",38.03.01,38.03.01 — Экономика,226,📈 Растущий,0,🟢 Высокие,0.85,
Очно-заочная бюджет,"Математика, Химия, Физика, Русский язык",,НАПРАВЛЕНИЯ НЕ НАЙДЕНЫ,,,,—,,
Очно-заочная бюджет,"Математика, Химия, География, Русский язык",,НАПРАВЛЕНИЯ НЕ НАЙДЕНЫ,,,,—,,
Очно-заочная бюджет,"Математика, Химия, Английский язык, Русский язык",38.03.02,38.03.02 — Менеджмент,231,📈 Растущий,0,🟢 Высокие,0.85,
Очно-заочная бюджет,"Математика, Химия, Английский язык, Русский язык",38.03.01,38.03.01 — Экономика,226,📈 Растущий,0,🟢 Высокие,0.85,
Очно-заочная бюджет,"Математика, Физика, География, Русский язык",,НАПРАВЛЕНИЯ НЕ НАЙДЕНЫ,,,,—,,
Очно-заочная бюджет,"Математика, Физика, Английский язык, Русский язык",38.03.02,38.03.02 — Менеджмент,231,📈 Растущий,0,🟢 Высокие,0.85,
Очно-заочная бюджет,"Математика, Физика, Английский язык, Русский язык",38.03.01,38.03.01 — Экономика,226,📈 Растущий,0,🟢 Высокие,0.85,
Очно-заочная бюджет,"Математика, География, Английский язык, Русский язык",38.03.02,38.03.02 — Менеджмент,231,📈 Растущий,0,🟢 Высокие,0.85,
Очно-заочная бюджет,"Математика, География, Английский язык, Русский язык",38.03.01,38.03.01 — Экономика,226,📈 Растущий,0,🟢 Высокие,0.85,
Очно-заочная бюджет,"Информатика, Обществознание, История, Русский язык, Математика",38.03.02,38.03.02 — Менеджмент,231,📈 Растущий,0,🟢 Высокие,0.85,
Очно-заочная бюджет,"Информатика, Обществознание, История, Русский язык, Математика",38.03.01,38.03.01 — Экономика,226,📈 Растущий,0,🟢 Высокие,0.85,
Очно-заочная бюджет,"Информатика, Обществознание, Биология, Русский язык, Математика",38.03.02,38.03.02 — Менеджмент,231,📈 Растущий,0,🟢 Высокие,0.85,
Очно-заочная бюджет,"Информатика, Обществознание, Биология, Русский язык, Математика",38.03.01,38.03.01 — Экономика,226,📈 Растущий,0,🟢 Высокие,0.85,
Очно-заочная бюджет,"Информатика, Обществознание, Химия, Русский язык, Математика",38.03.02,38.03.02 — Менеджмент,231,📈 Растущий,0,🟢 Высокие,0.85,
Очно-заочная бюджет,"Информатика, Обществознание, Химия, Русский язык, Математика",38.03.01,38.03.01 — Экономика,226,📈 Растущий,0,🟢 Высокие,0.85,
Очно-заочная бюджет,"Информатика, Обществознание, Физика, Русский язык, Математика",38.03.02,38.03.02 — Менеджмент,231,📈 Растущий,0,🟢 Высокие,0.85,
Очно-заочная бюджет,"Информатика, Обществознание, Физика, Русский язык, Математика",38.03.01,38.03.01 — Экономика,226,📈 Растущий,0,🟢 Высокие,0.85,
Очно-заочная бюджет,"Информатика, Обществознание, География, Русский язык, Математика",38.03.02,38.03.02 — Менеджмент,231,📈 Растущий,0,🟢 Высокие,0.85,
Очно-заочная бюджет,"Информатика, Обществознание, География, Русский язык, Математика",38.03.01,38.03.01 — Экономика,226,📈 Растущий,0,🟢 Высокие,0.85,
Очно-заочная бюджет,"Информатика, Обществознание, Английский язык, Русский язык, Математика",38.03.02,38.03.02 — Менеджмент,231,📈 Растущий,0,🟢 Высокие,0.85,
Очно-заочная бюджет,"Информатика, Обществознание, Английский язык, Русский язык, Математика",38.03.01,38.03.01 — Экономика,226,📈 Растущий,0,🟢 Высокие,0.85,
Очно-заочная бюджет,"Информатика, История, Биология, Русский язык, Математика",,НАПРАВЛЕНИЯ НЕ НАЙДЕНЫ,,,,—,,
Очно-заочная бюджет,"Информатика, История, Химия, Русский язык, Математика",,НАПРАВЛЕНИЯ НЕ НАЙДЕНЫ,,,,—,,
Очно-заочная бюджет,"Информатика, История, Физика, Русский язык, Математика",,НАПРАВЛЕНИЯ НЕ НАЙДЕНЫ,,,,—,,
Очно-заочная бюджет,"Информатика, История, География, Русский язык, Математика",,НАПРАВЛЕНИЯ НЕ НАЙДЕНЫ,,,,—,,
Очно-заочная бюджет,"Информатика, История, Английский язык, Русский язык, Математика",38.03.02,38.03.02 — Менеджмент,231,📈 Растущий,0,🟢 Высокие,0.85,
Очно-заочная бюджет,"Информатика, История, Английский язык, Русский язык, Математика",38.03.01,38.03.01 — Экономика,226,📈 Растущий,0,🟢 Высокие,0.85,
Очно-заочная бюджет,"Информатика, Биология, Химия, Русский язык, Математика",,НАПРАВЛЕНИЯ НЕ НАЙДЕНЫ,,,,—,,
Очно-заочная бюджет,"Информатика, Биология, Физика, Русский язык, Математика",,НАПРАВЛЕНИЯ НЕ НАЙДЕНЫ,,,,—,,
Очно-заочная бюджет,"Информатика, Биология, География, Русский язык, Математика",,НАПРАВЛЕНИЯ НЕ НАЙДЕНЫ,,,,—,,
Очно-заочная бюджет,"Информатика, Биология, Английский язык, Русский язык, Математика",38.03.02,38.03.02 — Менеджмент,231,📈 Растущий,0,🟢 Высокие,0.85,
Очно-заочная бюджет,"Информатика, Биология, Английский язык, Русский язык, Математика",38.03.01,38.03.01 — Экономика,226,📈 Растущий,0,🟢 Высокие,0.85,
Очно-заочная бюджет,"Информатика, Химия, Физика, Русский язык, Математика",,НАПРАВЛЕНИЯ НЕ НАЙДЕНЫ,,,,—,,
Очно-заочная бюджет,"Информатика, Химия, География, Русский язык, Математика",,НАПРАВЛЕНИЯ НЕ НАЙДЕНЫ,,,,—,,
Очно-заочная бюджет,"Информатика, Химия, Английский язык, Русский язык, Математика",38.03.02,38.03.02 — Менеджмент,231,📈 Растущий,0,🟢 Высокие,0.85,
Очно-заочная бюджет,"Информатика, Химия, Английский язык, Русский язык, Математика",38.03.01,38.03.01 — Экономика,226,📈 Растущий,0,🟢 Высокие,0.85,
Очно-заочная бюджет,"Информатика, Физика, География, Русский язык, Математика",,НАПРАВЛЕНИЯ НЕ НАЙДЕНЫ,,,,—,,
Очно-заочная бюджет,"Информатика, Физика, Английский язык, Русский язык, Математика",38.03.02,38.03.02 — Менеджмент,231,📈 Растущий,0,🟢 Высокие,0.85,
Очно-заочная бюджет,"Информатика, Физика, Английский язык, Русский язык, Математика",38.03.01,38.03.01 — Экономика,226,📈 Растущий,0,🟢 Высокие,0.85,
Очно-заочная бюджет,"Информатика, География, Английский язык, Русский язык, Математика",38.03.02,38.03.02 — Менеджмент,231,📈 Растущий,0,🟢 Высокие,0.85,
Очно-заочная бюджет,"Информатика, География, Английский язык, Русский язык, Математика",38.03.01,38.03.01 — Экономика,226,📈 Растущий,0,🟢 Высокие,0.85,
Очно-заочная бюджет,"Обществознание, История, Биология, Русский язык, Математика",38.03.02,38.03.02 — Менеджмент,231,📈 Растущий,0,🟢 Высокие,0.85,
Очно-заочная бюджет,"Обществознание, История, Биология, Русский язык, Математика",38.03.01,38.03.01 — Экономика,226,📈 Растущий,0,🟢 Высокие,0.85,
Очно-заочная бюджет,"Обществознание, История, Химия, Русский язык, Математика",38.03.02,38.03.02 — Менеджмент,231,📈 Растущий,0,🟢 Высокие,0.85,
Очно-заочная бюджет,"Обществознание, История, Химия, Русский язык, Математика",38.03.01,38.03.01 — Экономика,226,📈 Растущий,0,🟢 Высокие,0.85,
Очно-заочная бюджет,"Обществознание, История, Физика, Русский язык, Математика",38.03.02,38.03.02 — Менеджмент,231,📈 Растущий,0,🟢 Высокие,0.85,
Очно-заочная бюджет,"Обществознание, История, Физика, Русский язык, Математика",38.03.01,38.03.01 — Экономика,226,📈 Растущий,0,🟢 Высокие,0.85,
Очно-заочная бюджет,"Обществознание, История, География, Русский язык, Математика",38.03.02,38.03.02 — Менеджмент,231,📈 Растущий,0,🟢 Высокие,0.85,
Очно-заочная бюджет,"Обществознание, История, География, Русский язык, Математика",38.03.01,38.03.01 — Экономика,226,📈 Растущий,0,🟢 Высокие,0.85,
Очно-заочная бюджет,"Обществознание, История, Английский язык, Русский язык, Математика",38.03.02,38.03.02 — Менеджмент,231,📈 Растущий,0,🟢 Высокие,0.85,
Очно-заочная бюджет,"Обществознание, История, Английский язык, Русский язык, Математика",38.03.01,38.03.01 — Экономика,226,📈 Растущий,0,🟢 Высокие,0.85,
Очно-заочная бюджет,"Обществознание, Биология, Химия, Русский язык, Математика",38.03.02,38.03.02 — Менеджмент,231,📈 Растущий,0,🟢 Высокие,0.85,
Очно-заочная бюджет,"Обществознание, Биология, Химия, Русский язык, Математика",38.03.01,38.03.01 — Экономика,226,📈 Растущий,0,🟢 Высокие,0.85,
Очно-заочная бюджет,"Обществознание, Биология, Физика, Русский язык, Математика",38.03.02,38.03.02 — Менеджмент,231,📈 Растущий,0,🟢 Высокие,0.85,
Очно-заочная бюджет,"Обществознание, Биология, Физика, Русский язык, Математика",38.03.01,38.03.01 — Экономика,226,📈 Растущий,0,🟢 Высокие,0.85,
Очно-заочная бюджет,"Обществознание, Биология, География, Русский язык, Математика",38.03.02,38.03.02 — Менеджмент,231,📈 Растущий,0,🟢 Высокие,0.85,
Очно-заочная бюджет,"Обществознание, Биология, География, Русский язык, Математика",38.03.01,38.03.01 — Экономика,226,📈 Растущий,0,🟢 Высокие,0.85,
Очно-заочная бюджет,"Обществознание, Биология, Английский язык, Русский язык, Математика",38.03.02,38.03.02 — Менеджмент,231,📈 Растущий,0,🟢 Высокие,0.85,
Очно-заочная бюджет,"Обществознание, Биология, Английский язык, Русский язык, Математика",38.03.01,38.03.01 — Экономика,226,📈 Растущий,0,🟢 Высокие,0.85,
Очно-заочная бюджет,"Обществознание, Химия, Физика, Русский язык, Математика",38.03.02,38.03.02 — Менеджмент,231,📈 Растущий,0,🟢 Высокие,0.85,
Очно-заочная бюджет,"Обществознание, Химия, Физика, Русский язык, Математика",38.03.01,38.03.01 — Экономика,226,📈 Растущий,0,🟢 Высокие,0.85,
Очно-заочная бюджет,"Обществознание, Химия, География, Русский язык, Математика",38.03.02,38.03.02 — Менеджмент,231,📈 Растущий,0,🟢 Высокие,0.85,
Очно-заочная бюджет,"Обществознание, Химия, География, Русский язык, Математика",38.03.01,38.03.01 — Экономика,226,📈 Растущий,0,🟢 Высокие,0.85,
Очно-заочная бюджет,"Обществознание, Химия, Английский язык, Русский язык, Математика",38.03.02,38.03.02 — Менеджмент,231,📈 Растущий,0,🟢 Высокие,0.85,
Очно-заочная бюджет,"Обществознание, Химия, Английский язык, Русский язык, Математика",38.03.01,38.03.01 — Экономика,226,📈 Растущий,0,🟢 Высокие,0.85,
Очно-заочная бюджет,"Обществознание, Физика, География, Русский язык, Математика",38.03.02,38.03.02 — Менеджмент,231,📈 Растущий,0,🟢 Высокие,0.85,
Очно-заочная бюджет,"Обществознание, Физика, География, Русский язык, Математика",38.03.01,38.03.01 — Экономика,226,📈 Растущий,0,🟢 Высокие,0.85,
Очно-заочная бюджет,"Обществознание, Физика, Английский язык, Русский язык, Математика",38.03.02,38.03.02 — Менеджмент,231,📈 Растущий,0,🟢 Высокие,0.85,
Очно-заочная бюджет,"Обществознание, Физика, Английский язык, Русский язык, Математика",38.03.01,38.03.01 — Экономика,226,📈 Растущий,0,🟢 Высокие,0.85,
Очно-заочная бюджет,"Обществознание, География, Английский язык, Русский язык, Математика",38.03.02,38.03.02 — Менеджмент,231,📈 Растущий,0,🟢 Высокие,0.85,
Очно-заочная бюджет,"Обществознание, География, Английский язык, Русский язык, Математика",38.03.01,38.03.01 — Экономика,226,📈 Растущий,0,🟢 Высокие,0.85,
Очно-заочная бюджет,"История, Биология, Химия, Русский язык, Математика",,НАПРАВЛЕНИЯ НЕ НАЙДЕНЫ,,,,—,,
Очно-заочная бюджет,"История, Биология, Физика, Русский язык, Математика",,НАПРАВЛЕНИЯ НЕ НАЙДЕНЫ,,,,—,,
Очно-заочная бюджет,"История, Биология, География, Русский язык, Математика",,НАПРАВЛЕНИЯ НЕ НАЙДЕНЫ,,,,—,,
Очно-заочная бюджет,"История, Биология, Английский язык, Русский язык, Математика",38.03.02,38.03.02 — Менеджмент,231,📈 Растущий,0,🟢 Высокие,0.85,
Очно-заочная бюджет,"История, Биология, Английский язык, Русский язык, Математика",38.03.01,38.03.01 — Экономика,226,📈 Растущий,0,🟢 Высокие,0.85,
Очно-заочная бюджет,"История, Химия, Физика, Русский язык, Математика",,НАПРАВЛЕНИЯ НЕ НАЙДЕНЫ,,,,—,,
Очно-заочная бюджет,"История, Химия, География, Русский язык, Математика",,НАПРАВЛЕНИЯ НЕ НАЙДЕНЫ,,,,—,,
Очно-заочная бюджет,"История, Химия, Английский язык, Русский язык, Математика",38.03.02,38.03.02 — Менеджмент,231,📈 Растущий,0,🟢 Высокие,0.85,
Очно-заочная бюджет,"История, Химия, Английский язык, Русский язык, Математика",38.03.01,38.03.01 — Экономика,226,📈 Растущий,0,🟢 Высокие,0.85,
Очно-заочная бюджет,"История, Физика, География, Русский язык, Математика",,НАПРАВЛЕНИЯ НЕ НАЙДЕНЫ,,,,—,,
Очно-заочная бюджет,"История, Физика, Английский язык, Русский язык, Математика",38.03.02,38.03.02 — Менеджмент,231,📈 Растущий,0,🟢 Высокие,0.85,
Очно-заочная бюджет,"История, Физика, Английский язык, Русский язык, Математика",38.03.01,38.03.01 — Экономика,226,📈 Растущий,0,🟢 Высокие,0.85,
Очно-заочная бюджет,"История, География, Английский язык, Русский язык, Математика",38.03.02,38.03.02 — Менеджмент,231,📈 Растущий,0,🟢 Высокие,0.85,
Очно-заочная бюджет,"История, География, Английский язык, Русский язык, Математика",38.03.01,38.03.01 — Экономика,226,📈 Растущий,0,🟢 Высокие,0.85,
Очно-заочная бюджет,"Биология, Химия, Физика, Русский язык, Математика",,НАПРАВЛЕНИЯ НЕ НАЙДЕНЫ,,,,—,,
Очно-заочная бюджет,"Биология, Химия, География, Русский язык, Математика",,НАПРАВЛЕНИЯ НЕ НАЙДЕНЫ,,,,—,,
Очно-заочная бюджет,"Биология, Химия, Английский язык, Русский язык, Математика",38.03.02,38.03.02 — Менеджмент,231,📈 Растущий,0,🟢 Высокие,0.85,
Очно-заочная бюджет,"Биология, Химия, Английский язык, Русский язык, Математика",38.03.01,38.03.01 — Экономика,226,📈 Растущий,0,🟢 Высокие,0.85,
Очно-заочная бюджет,"Биология, Физика, География, Русский язык, Математика",,НАПРАВЛЕНИЯ НЕ НАЙДЕНЫ,,,,—,,
Очно-заочная бюджет,"Биология, Физика, Английский язык, Русский язык, Математика",38.03.02,38.03.02 — Менеджмент,231,📈 Растущий,0,🟢 Высокие,0.85,
Очно-заочная бюджет,"Биология, Физика, Английский язык, Русский язык, Математика",38.03.01,38.03.01 — Экономика,226,📈 Растущий,0,🟢 Высокие,0.85,
Очно-заочная бюджет,"Биология, География, Английский язык, Русский язык, Математика",38.03.02,38.03.02 — Менеджмент,231,📈 Растущий,0,🟢 Высокие,0.85,
Очно-заочная бюджет,"Биология, География, Английский язык, Русский язык, Математика",38.03.01,38.03.01 — Экономика,226,📈 Растущий,0,🟢 Высокие,0.85,
Очно-заочная бюджет,"Химия, Физика, География, Русский язык, Математика",,НАПРАВЛЕНИЯ НЕ НАЙДЕНЫ,,,,—,,
Очно-заочная бюджет,"Химия, Физика, Английский язык, Русский язык, Математика",38.03.02,38.03.02 — Менеджмент,231,📈 Растущий,0,🟢 Высокие,0.85,
Очно-заочная бюджет,"Химия, Физика, Английский язык, Русский язык, Математика",38.03.01,38.03.01 — Экономика,226,📈 Растущий,0,🟢 Высокие,0.85,
Очно-заочная бюджет,"Химия, География, Английский язык, Русский язык, Математика",38.03.02,38.03.02 — Менеджмент,231,📈 Растущий,0,🟢 Высокие,0.85,
Очно-заочная бюджет,"Химия, География, Английский язык, Русский язык, Математика",38.03.01,38.03.01 — Экономика,226,📈 Растущий,0,🟢 Высокие,0.85,
Очно-заочная бюджет,"Физика, География, Английский язык, Русский язык, Математика",38.03.02,38.03.02 — Менеджмент,231,📈 Растущий,0,🟢 Высокие,0.85,
Очно-заочная бюджет,"Физика, География, Английский язык, Русский язык, Математика",38.03.01,38.03.01 — Экономика,226,📈 Растущий,0,🟢 Высокие,0.85,
Очно-заочная договор,"Математика, Информатика, Русский язык",09.03.03,09.03.03 — Прикладная информатика,150,📉 Снижающийся,0,🟢 Высокие,0.85,
Очно-заочная договор,"Математика, Информатика, Русский язык",38.03.05,38.03.05 — Бизнес-информатика,141,📉 Снижающийся,0,🟢 Высокие,0.85,
Очно-заочная договор,"Математика, Обществознание, Русский язык",41.03.04,41.03.04 — Политология,151,➡️ Стабильный,0,🟢 Высокие,0.85,
Очно-заочная договор,"Математика, Обществознание, Русский язык",40.03.01,40.03.01 — Юриспруденция,145,📉 Снижающийся,0,🟢 Высокие,0.85,
Очно-заочная договор,"Математика, Обществознание, Русский язык",38.03.05,38.03.05 — Бизнес-информатика,141,📉 Снижающийся,0,🟢 Высокие,0.85,
Очно-заочная договор,"Математика, Обществознание, Русский язык",38.03.03,38.03.03 — Управление персоналом,140,📉 Снижающийся,0,🟢 Высокие,0.85,
Очно-заочная договор,"Математика, Обществознание, Русский язык",38.03.01,38.03.01 — Экономика,139,📉 Снижающийся,0,🟢 Высокие,0.85,
Очно-заочная договор,"Математика, История, Русский язык",41.03.04,41.03.04 — Политология,151,➡️ Стабильный,0,🟢 Высокие,0.85,
Очно-заочная договор,"Математика, История, Русский язык",40.03.01,40.03.01 — Юриспруденция,145,📉 Снижающийся,0,🟢 Высокие,0.85,
Очно-заочная договор,"Математика, Биология, Русский язык",,НАПРАВЛЕНИЯ НЕ НАЙДЕНЫ,,,,—,,
Очно-заочная договор,"Математика, Химия, Русский язык",,НАПРАВЛЕНИЯ НЕ НАЙДЕНЫ,,,,—,,
Очно-заочная договор,"Математика, Физика, Русский язык",,НАПРАВЛЕНИЯ НЕ НАЙДЕНЫ,,,,—,,
Очно-заочная договор,"Математика, География, Русский язык",,НАПРАВЛЕНИЯ НЕ НАЙДЕНЫ,,,,—,,
Очно-заочная договор,"Математика, Английский язык, Русский язык",41.03.04,41.03.04 — Политология,151,➡️ Стабильный,0,🟢 Высокие,0.85,
Очно-заочная договор,"Математика, Английский язык, Русский язык",40.03.01,40.03.01 — Юриспруденция,145,📉 Снижающийся,0,🟢 Высокие,0.85,
Очно-заочная договор,"Математика, Английский язык, Русский язык",38.03.03,38.03.03 — Управление персоналом,140,📉 Снижающийся,0,🟢 Высокие,0.85,
Очно-заочная договор,"Математика, Английский язык, Русский язык",38.03.01,38.03.01 — Экономика,139,📉 Снижающийся,0,🟢 Высокие,0.85,
Очно-заочная договор,"Математика, Английский язык, Русский язык",38.03.02,38.03.02 — Менеджмент,135,📉 Снижающийся,0,🟢 Высокие,0.85,
Очно-заочная договор,"Информатика, Обществознание, Русский язык, Математика",38.03.05,38.03.05 — Бизнес-информатика,141,📉 Снижающийся,0,🟢 Высокие,0.85,
Очно-заочная договор,"Информатика, Обществознание, Русский язык, Математика",41.03.04,41.03.04 — Политология,151,➡️ Стабильный,0,🟢 Высокие,0.85,
Очно-заочная договор,"Информатика, Обществознание, Русский язык, Математика",09.03.03,09.03.03 — Прикладная информатика,150,📉 Снижающийся,0,🟢 Высокие,0.85,
Очно-заочная договор,"Информатика, Обществознание, Русский язык, Математика",40.03.01,40.03.01 — Юриспруденция,145,📉 Снижающийся,0,🟢 Высокие,0.85,
Очно-заочная договор,"Информатика, Обществознание, Русский язык, Математика",38.03.03,38.03.03 — Управление персоналом,140,📉 Снижающийся,0,🟢 Высокие,0.85,
Очно-заочная договор,"Информатика, История, Русский язык, Математика",41.03.04,41.03.04 — Политология,151,➡️ Стабильный,0,🟢 Высокие,0.85,
Очно-заочная договор,"Информатика, История, Русский язык, Математика",09.03.03,09.03.03 — Прикладная информатика,150,📉 Снижающийся,0,🟢 Высокие,0.85,
Очно-заочная договор,"Информатика, История, Русский язык, Математика",40.03.01,40.03.01 — Юриспруденция,145,📉 Снижающийся,0,🟢 Высокие,0.85,
Очно-заочная договор,"Информатика, История, Русский язык, Математика",38.03.05,38.03.05 — Бизнес-информатика,141,📉 Снижающийся,0,🟢 Высокие,0.85,
Очно-заочная договор,"Информатика, Биология, Русский язык, Математика",09.03.03,09.03.03 — Прикладная информатика,150,📉 Снижающийся,0,🟢 Высокие,0.85,
Очно-заочная договор,"Информатика, Биология, Русский язык, Математика",38.03.05,38.03.05 — Бизнес-информатика,141,📉 Снижающийся,0,🟢 Высокие,0.85,
Очно-заочная договор,"Информатика, Химия, Русский язык, Математика",09.03.03,09.03.03 — Прикладная информатика,150,📉 Снижающийся,0,🟢 Высокие,0.85,
Очно-заочная договор,"Информатика, Химия, Русский язык, Математика",38.03.05,38.03.05 — Бизнес-информатика,141,📉 Снижающийся,0,🟢 Высокие,0.85,
Очно-заочная договор,"Информатика, Физика, Русский язык, Математика",09.03.03,09.03.03 — Прикладная информатика,150,📉 Снижающийся,0,🟢 Высокие,0.85,
Очно-заочная договор,"Информатика, Физика, Русский язык, Математика",38.03.05,38.03.05 — Бизнес-информатика,141,📉 Снижающийся,0,🟢 Высокие,0.85,
Очно-заочная договор,"Информатика, География, Русский язык, Математика",09.03.03,09.03.03 — Прикладная информатика,150,📉 Снижающийся,0,🟢 Высокие,0.85,
Очно-заочная договор,"Информатика, География, Русский язык, Математика",38.03.05,38.03.05 — Бизнес-информатика,141,📉 Снижающийся,0,🟢 Высокие,0.85,
Очно-заочная договор,"Информатика, Английский язык, Русский язык, Математика",41.03.04,41.03.04 — Политология,151,➡️ Стабильный,0,🟢 Высокие,0.85,
Очно-заочная договор,"Информатика, Английский язык, Русский язык, Математика",09.03.03,09.03.03 — Прикладная информатика,150,📉 Снижающийся,0,🟢 Высокие,0.85,
Очно-заочная договор,"Информатика, Английский язык, Русский язык, Математика",40.03.01,40.03.01 — Юриспруденция,145,📉 Снижающийся,0,🟢 Высокие,0.85,
Очно-заочная договор,"Информатика, Английский язык, Русский язык, Математика",38.03.05,38.03.05 — Бизнес-информатика,141,📉 Снижающийся,0,🟢 Высокие,0.85,
Очно-заочная договор,"Информатика, Английский язык, Русский язык, Математика",38.03.03,38.03.03 — Управление персоналом,140,📉 Снижающийся,0,🟢 Высокие,0.85,
Очно-заочная договор,"Обществознание, История, Русский язык, Математика",41.03.04,41.03.04 — Политология,151,➡️ Стабильный,0,🟢 Высокие,0.85,
Очно-заочная договор,"Обществознание, История, Русский язык, Математика",40.03.01,40.03.01 — Юриспруденция,145,📉 Снижающийся,0,🟢 Высокие,0.85,
Очно-заочная договор,"Обществознание, История, Русский язык, Математика",38.03.05,38.03.05 — Бизнес-информатика,141,📉 Снижающийся,0,🟢 Высокие,0.85,
Очно-заочная договор,"Обществознание, История, Русский язык, Математика",38.03.03,38.03.03 — Управление персоналом,140,📉 Снижающийся,0,🟢 Высокие,0.85,
Очно-заочная договор,"Обществознание, История, Русский язык, Математика",38.03.01,38.03.01 — Экономика,139,📉 Снижающийся,0,🟢 Высокие,0.85,
Очно-заочная договор,"Обществознание, Биология, Русский язык, Математика",41.03.04,41.03.04 — Политология,151,➡️ Стабильный,0,🟢 Высокие,0.85,
Очно-заочная договор,"Обществознание, Биология, Русский язык, Математика",40.03.01,40.03.01 — Юриспруденция,145,📉 Снижающийся,0,🟢 Высокие,0.85,
Очно-заочная договор,"Обществознание, Биология, Русский язык, Математика",38.03.05,38.03.05 — Бизнес-информатика,141,📉 Снижающийся,0,🟢 Высокие,0.85,
Очно-заочная договор,"Обществознание, Биология, Русский язык, Математика",38.03.03,38.03.03 — Управление персоналом,140,📉 Снижающийся,0,🟢 Высокие,0.85,
Очно-заочная договор,"Обществознание, Биология, Русский язык, Математика",38.03.01,38.03.01 — Экономика,139,📉 Снижающийся,0,🟢 Высокие,0.85,
Очно-заочная договор,"Обществознание, Химия, Русский язык, Математика",41.03.04,41.03.04 — Политология,151,➡️ Стабильный,0,🟢 Высокие,0.85,
Очно-заочная договор,"Обществознание, Химия, Русский язык, Математика",40.03.01,40.03.01 — Юриспруденция,145,📉 Снижающийся,0,🟢 Высокие,0.85,
Очно-заочная договор,"Обществознание, Химия, Русский язык, Математика",38.03.05,38.03.05 — Бизнес-информатика,141,📉 Снижающийся,0,🟢 Высокие,0.85,
Очно-заочная договор,"Обществознание, Химия, Русский язык, Математика",38.03.03,38.03.03 — Управление персоналом,140,📉 Снижающийся,0,🟢 Высокие,0.85,
Очно-заочная договор,"Обществознание, Химия, Русский язык, Математика",38.03.01,38.03.01 — Экономика,139,📉 Снижающийся,0,🟢 Высокие,0.85,
Очно-заочная договор,"Обществознание, Физика, Русский язык, Математика",41.03.04,41.03.04 — Политология,151,➡️ Стабильный,0,🟢 Высокие,0.85,
Очно-заочная договор,"Обществознание, Физика, Русский язык, Математика",40.03.01,40.03.01 — Юриспруденция,145,📉 Снижающийся,0,🟢 Высокие,0.85,
Очно-заочная договор,"Обществознание, Физика, Русский язык, Математика",38.03.05,38.03.05 — Бизнес-информатика,141,📉 Снижающийся,0,🟢 Высокие,0.85,
Очно-заочная договор,"Обществознание, Физика, Русский язык, Математика",38.03.03,38.03.03 — Управление персоналом,140,📉 Снижающийся,0,🟢 Высокие,0.85,
Очно-заочная договор,"Обществознание, Физика, Русский язык, Математика",38.03.01,38.03.01 — Экономика,139,📉 Снижающийся,0,🟢 Высокие,0.85,
Очно-заочная договор,"Обществознание, География, Русский язык, Математика",41.03.04,41.03.04 — Политология,151,➡️ Стабильный,0,🟢 Высокие,0.85,
Очно-заочная договор,"Обществознание, География, Русский язык, Математика",40.03.01,40.03.01 — Юриспруденция,145,📉 Снижающийся,0,🟢 Высокие,0.85,
Очно-заочная договор,"Обществознание, География, Русский язык, Математика",38.03.05,38.03.05 — Бизнес-информатика,141,📉 Снижающийся,0,🟢 Высокие,0.85,
Очно-заочная договор,"Обществознание, География, Русский язык, Математика",38.03.03,38.03.03 — Управление персоналом,140,📉 Снижающийся,0,🟢 Высокие,0.85,
Очно-заочная договор,"Обществознание, География, Русский язык, Математика",38.03.01,38.03.01 — Экономика,139,📉 Снижающийся,0,🟢 Высокие,0.85,
Очно-заочная договор,"Обществознание, Английский язык, Русский язык, Математика",41.03.04,41.03.04 — Политология,151,➡️ Стабильный,0,🟢 Высокие,0.85,
Очно-заочная договор,"Обществознание, Английский язык, Русский язык, Математика",40.03.01,40.03.01 — Юриспруденция,145,📉 Снижающийся,0,🟢 Высокие,0.85,
Очно-заочная договор,"Обществознание, Английский язык, Русский язык, Математика",38.03.03,38.03.03 — Управление персоналом,140,📉 Снижающийся,0,🟢 Высокие,0.85,
Очно-заочная договор,"Обществознание, Английский язык, Русский язык, Математика",38.03.01,38.03.01 — Экономика,139,📉 Снижающийся,0,🟢 Высокие,0.85,
Очно-заочная договор,"Обществознание, Английский язык, Русский язык, Математика",38.03.02,38.03.02 — Менеджмент,135,📉 Снижающийся,0,🟢 Высокие,0.85,
Очно-заочная договор,"История, Биология, Русский язык, Математика",41.03.04,41.03.04 — Политология,151,➡️ Стабильный,0,🟢 Высокие,0.85,
Очно-заочная договор,"История, Биология, Русский язык, Математика",40.03.01,40.03.01 — Юриспруденция,145,📉 Снижающийся,0,🟢 Высокие,0.85,
Очно-заочная договор,"История, Химия, Русский язык, Математика",41.03.04,41.03.04 — Политология,151,➡️ Стабильный,0,🟢 Высокие,0.85,
Очно-заочная договор,"История, Химия, Русский язык, Математика",40.03.01,40.03.01 — Юриспруденция,145,📉 Снижающийся,0,🟢 Высокие,0.85,
Очно-заочная договор,"История, Физика, Русский язык, Математика",41.03.04,41.03.04 — Политология,151,➡️ Стабильный,0,🟢 Высокие,0.85,
Очно-заочная договор,"История, Физика, Русский язык, Математика",40.03.01,40.03.01 — Юриспруденция,145,📉 Снижающийся,0,🟢 Высокие,0.85,
Очно-заочная договор,"История, География, Русский язык, Математика",41.03.04,41.03.04 — Политология,151,➡️ Стабильный,0,🟢 Высокие,0.85,
Очно-заочная договор,"История, География, Русский язык, Математика",40.03.01,40.03.01 — Юриспруденция,145,📉 Снижающийся,0,🟢 Высокие,0.85,
Очно-заочная договор,"История, Английский язык, Русский язык, Математика",41.03.04,41.03.04 — Политология,151,➡️ Стабильный,0,🟢 Высокие,0.85,
Очно-заочная договор,"История, Английский язык, Русский язык, Математика",40.03.01,40.03.01 — Юриспруденция,145,📉 Снижающийся,0,🟢 Высокие,0.85,
Очно-заочная договор,"История, Английский язык, Русский язык, Математика",38.03.03,38.03.03 — Управление персоналом,140,📉 Снижающийся,0,🟢 Высокие,0.85,
Очно-заочная договор,"История, Английский язык, Русский язык, Математика",38.03.01,38.03.01 — Экономика,139,📉 Снижающийся,0,🟢 Высокие,0.85,
Очно-заочная договор,"История, Английский язык, Русский язык, Математика",38.03.02,38.03.02 — Менеджмент,135,📉 Снижающийся,0,🟢 Высокие,0.85,
Очно-заочная договор,"Биология, Химия, Русский язык, Математика",,НАПРАВЛЕНИЯ НЕ НАЙДЕНЫ,,,,—,,
Очно-заочная договор,"Биология, Физика, Русский язык, Математика",,НАПРАВЛЕНИЯ НЕ НАЙДЕНЫ,,,,—,,
Очно-заочная договор,"Биология, География, Русский язык, Математика",,НАПРАВЛЕНИЯ НЕ НАЙДЕНЫ,,,,—,,
Очно-заочная договор,"Биология, Английский язык, Русский язык, Математика",41.03.04,41.03.04 — Политология,151,➡️ Стабильный,0,🟢 Высокие,0.85,
Очно-заочная договор,"Биология, Английский язык, Русский язык, Математика",40.03.01,40.03.01 — Юриспруденция,145,📉 Снижающийся,0,🟢 Высокие,0.85,
Очно-заочная договор,"Биология, Английский язык, Русский язык, Математика",38.03.03,38.03.03 — Управление персоналом,140,📉 Снижающийся,0,🟢 Высокие,0.85,
Очно-заочная договор,"Биология, Английский язык, Русский язык, Математика",38.03.01,38.03.01 — Экономика,139,📉 Снижающийся,0,🟢 Высокие,0.85,
Очно-заочная договор,"Биология, Английский язык, Русский язык, Математика",38.03.02,38.03.02 — Менеджмент,135,📉 Снижающийся,0,🟢 Высокие,0.85,
Очно-заочная договор,"Химия, Физика, Русский язык, Математика",,НАПРАВЛЕНИЯ НЕ НАЙДЕНЫ,,,,—,,
Очно-заочная договор,"Химия, География, Русский язык, Математика",,НАПРАВЛЕНИЯ НЕ НАЙДЕНЫ,,,,—,,
Очно-заочная договор,"Химия, Английский язык, Русский язык, Математика",41.03.04,41.03.04 — Политология,151,➡️ Стабильный,0,🟢 Высокие,0.85,
Очно-заочная договор,"Химия, Английский язык, Русский язык, Математика",40.03.01,40.03.01 — Юриспруденция,145,📉 Снижающийся,0,🟢 Высокие,0.85,
Очно-заочная договор,"Химия, Английский язык, Русский язык, Математика",38.03.03,38.03.03 — Управление персоналом,140,📉 Снижающийся,0,🟢 Высокие,0.85,
Очно-заочная договор,"Химия, Английский язык, Русский язык, Математика",38.03.01,38.03.01 — Экономика,139,📉 Снижающийся,0,🟢 Высокие,0.85,
Очно-заочная договор,"Химия, Английский язык, Русский язык, Математика",38.03.02,38.03.02 — Менеджмент,135,📉 Снижающийся,0,🟢 Высокие,0.85,
Очно-заочная договор,"Физика, География, Русский язык, Математика",,НАПРАВЛЕНИЯ НЕ НАЙДЕНЫ,,,,—,,
Очно-заочная договор,"Физика, Английский язык, Русский язык, Математика",41.03.04,41.03.04 — Политология,151,➡️ Стабильный,0,🟢 Высокие,0.85,
Очно-заочная договор,"Физика, Английский язык, Русский язык, Математика",40.03.01,40.03.01 — Юриспруденция,145,📉 Снижающийся,0,🟢 Высокие,0.85,
Очно-заочная договор,"Физика, Английский язык, Русский язык, Математика",38.03.03,38.03.03 — Управление персоналом,140,📉 Снижающийся,0,🟢 Высокие,0.85,
Очно-заочная договор,"Физика, Английский язык, Русский язык, Математика",38.03.01,38.03.01 — Экономика,139,📉 Снижающийся,0,🟢 Высокие,0.85,
Очно-заочная договор,"Физика, Английский язык, Русский язык, Математика",38.03.02,38.03.02 — Менеджмент,135,📉 Снижающийся,0,🟢 Высокие,0.85,
Очно-заочная договор,"География, Английский язык, Русский язык, Математика",41.03.04,41.03.04 — Политология,151,➡️ Стабильный,0,🟢 Высокие,0.85,
Очно-заочная договор,"География, Английский язык, Русский язык, Математика",40.03.01,40.03.01 — Юриспруденция,145,📉 Снижающийся,0,🟢 Высокие,0.85,
Очно-заочная договор,"География, Английский язык, Русский язык, Математика",38.03.03,38.03.03 — Управление персоналом,140,📉 Снижающийся,0,🟢 Высокие,0.85,
Очно-заочная договор,"География, Английский язык, Русский язык, Математика",38.03.01,38.03.01 — Экономика,139,📉 Снижающийся,0,🟢 Высокие,0.85,
Очно-заочная договор,"География, Английский язык, Русский язык, Математика",38.03.02,38.03.02 — Менеджмент,135,📉 Снижающийся,0,🟢 Высокие,0.85,
Очно-заочная договор,"Математика, Информатика, Обществознание, Русский язык",38.03.05,38.03.05 — Бизнес-информатика,141,📉 Снижающийся,0,🟢 Высокие,0.85,
Очно-заочная договор,"Математика, Информатика, Обществознание, Русский язык",41.03.04,41.03.04 — Политология,151,➡️ Стабильный,0,🟢 Высокие,0.85,
Очно-заочная договор,"Математика, Информатика, Обществознание, Русский язык",09.03.03,09.03.03 — Прикладная информатика,150,📉 Снижающийся,0,🟢 Высокие,0.85,
Очно-заочная договор,"Математика, Информатика, Обществознание, Русский язык",40.03.01,40.03.01 — Юриспруденция,145,📉 Снижающийся,0,🟢 Высокие,0.85,
Очно-заочная договор,"Математика, Информатика, Обществознание, Русский язык",38.03.03,38.03.03 — Управление персоналом,140,📉 Снижающийся,0,🟢 Высокие,0.85,
Очно-заочная договор,"Математика, Информатика, История, Русский язык",41.03.04,41.03.04 — Политология,151,➡️ Стабильный,0,🟢 Высокие,0.85,
Очно-заочная договор,"Математика, Информатика, История, Русский язык",09.03.03,09.03.03 — Прикладная информатика,150,📉 Снижающийся,0,🟢 Высокие,0.85,
Очно-заочная договор,"Математика, Информатика, История, Русский язык",40.03.01,40.03.01 — Юриспруденция,145,📉 Снижающийся,0,🟢 Высокие,0.85,
Очно-заочная договор,"Математика, Информатика, История, Русский язык",38.03.05,38.03.05 — Бизнес-информатика,141,📉 Снижающийся,0,🟢 Высокие,0.85,
Очно-заочная договор,"Математика, Информатика, Биология, Русский язык",09.03.03,09.03.03 — Прикладная информатика,150,📉 Снижающийся,0,🟢 Высокие,0.85,
Очно-заочная договор,"Математика, Информатика, Биология, Русский язык",38.03.05,38.03.05 — Бизнес-информатика,141,📉 Снижающийся,0,🟢 Высокие,0.85,
Очно-заочная договор,"Математика, Информатика, Химия, Русский язык",09.03.03,09.03.03 — Прикладная информатика,150,📉 Снижающийся,0,🟢 Высокие,0.85,
Очно-заочная договор,"Математика, Информатика, Химия, Русский язык",38.03.05,38.03.05 — Бизнес-информатика,141,📉 Снижающийся,0,🟢 Высокие,0.85,
Очно-заочная договор,"Математика, Информатика, Физика, Русский язык",09.03.03,09.03.03 — Прикладная информатика,150,📉 Снижающийся,0,🟢 Высокие,0.85,
Очно-заочная договор,"Математика, Информатика, Физика, Русский язык",38.03.05,38.03.05 — Бизнес-информатика,141,📉 Снижающийся,0,🟢 Высокие,0.85,
Очно-заочная договор,"Математика, Информатика, География, Русский язык",09.03.03,09.03.03 — Прикладная информатика,150,📉 Снижающийся,0,🟢 Высокие,0.85,
Очно-заочная договор,"Математика, Информатика, География, Русский язык",38.03.05,38.03.05 — Бизнес-информатика,141,📉 Снижающийся,0,🟢 Высокие,0.85,
Очно-заочная договор,"Математика, Информатика, Английский язык, Русский язык",41.03.04,41.03.04 — Политология,151,➡️ Стабильный,0,🟢 Высокие,0.85,
Очно-заочная договор,"Математика, Информатика, Английский язык, Русский язык",09.03.03,09.03.03 — Прикладная информатика,150,📉 Снижающийся,0,🟢 Высокие,0.85,
Очно-заочная договор,"Математика, Информатика, Английский язык, Русский язык",40.03.01,40.03.01 — Юриспруденция,145,📉 Снижающийся,0,🟢 Высокие,0.85,
Очно-заочная договор,"Математика, Информатика, Английский язык, Русский язык",38.03.05,38.03.05 — Бизнес-информатика,141,📉 Снижающийся,0,🟢 Высокие,0.85,
Очно-заочная договор,"Математика, Информатика, Английский язык, Русский язык",38.03.03,38.03.03 — Управление персоналом,140,📉 Снижающийся,0,🟢 Высокие,0.85,
Очно-заочная договор,"Математика, Обществознание, История, Русский язык",41.03.04,41.03.04 — Политология,151,➡️ Стабильный,0,🟢 Высокие,0.85,
Очно-заочная договор,"Математика, Обществознание, История, Русский язык",40.03.01,40.03.01 — Юриспруденция,145,📉 Снижающийся,0,🟢 Высокие,0.85,
Очно-заочная договор,"Математика, Обществознание, История, Русский язык",38.03.05,38.03.05 — Бизнес-информатика,141,📉 Снижающийся,0,🟢 Высокие,0.85,
Очно-заочная договор,"Математика, Обществознание, История, Русский язык",38.03.03,38.03.03 — Управление персоналом,140,📉 Снижающийся,0,🟢 Высокие,0.85,
Очно-заочная договор,"Математика, Обществознание, История, Русский язык",38.03.01,38.03.01 — Экономика,139,📉 Снижающийся,0,🟢 Высокие,0.85,
Очно-заочная договор,"Математика, Обществознание, Биология, Русский язык",41.03.04,41.03.04 — Политология,151,➡️ Стабильный,0,🟢 Высокие,0.85,
Очно-заочная договор,"Математика, Обществознание, Биология, Русский язык",40.03.01,40.03.01 — Юриспруденция,145,📉 Снижающийся,0,🟢 Высокие,0.85,
Очно-заочная договор,"Математика, Обществознание, Биология, Русский язык",38.03.05,38.03.05 — Бизнес-информатика,141,📉 Снижающийся,0,🟢 Высокие,0.85,
Очно-заочная договор,"Математика, Обществознание, Биология, Русский язык",38.03.03,38.03.03 — Управление персоналом,140,📉 Снижающийся,0,🟢 Высокие,0.85,
Очно-заочная договор,"Математика, Обществознание, Биология, Русский язык",38.03.01,38.03.01 — Экономика,139,📉 Снижающийся,0,🟢 Высокие,0.85,
Очно-заочная договор,"Математика, Обществознание, Химия, Русский язык",41.03.04,41.03.04 — Политология,151,➡️ Стабильный,0,🟢 Высокие,0.85,
Очно-заочная договор,"Математика, Обществознание, Химия, Русский язык",40.03.01,40.03.01 — Юриспруденция,145,📉 Снижающийся,0,🟢 Высокие,0.85,
Очно-заочная договор,"Математика, Обществознание, Химия, Русский язык",38.03.05,38.03.05 — Бизнес-информатика,141,📉 Снижающийся,0,🟢 Высокие,0.85,
Очно-заочная договор,"Математика, Обществознание, Химия, Русский язык",38.03.03,38.03.03 — Управление персоналом,140,📉 Снижающийся,0,🟢 Высокие,0.85,
Очно-заочная договор,"Математика, Обществознание, Химия, Русский язык",38.03.01,38.03.01 — Экономика,139,📉 Снижающийся,0,🟢 Высокие,0.85,
Очно-заочная договор,"Математика, Обществознание, Физика, Русский язык",41.03.04,41.03.04 — Политология,151,➡️ Стабильный,0,🟢 Высокие,0.85,
Очно-заочная договор,"Математика, Обществознание, Физика, Русский язык",40.03.01,40.03.01 — Юриспруденция,145,📉 Снижающийся,0,🟢 Высокие,0.85,
Очно-заочная договор,"Математика, Обществознание, Физика, Русский язык",38.03.05,38.03.05 — Бизнес-информатика,141,📉 Снижающийся,0,🟢 Высокие,0.85,
Очно-заочная договор,"Математика, Обществознание, Физика, Русский язык",38.03.03,38.03.03 — Управление персоналом,140,📉 Снижающийся,0,🟢 Высокие,0.85,
Очно-заочная договор,"Математика, Обществознание, Физика, Русский язык",38.03.01,38.03.01 — Экономика,139,📉 Снижающийся,0,🟢 Высокие,0.85,
Очно-заочная договор,"Математика, Обществознание, География, Русский язык",41.03.04,41.03.04 — Политология,151,➡️ Стабильный,0,🟢 Высокие,0.85,
Очно-заочная договор,"Математика, Обществознание, География, Русский язык",40.03.01,40.03.01 — Юриспруденция,145,📉 Снижающийся,0,🟢 Высокие,0.85,
Очно-заочная договор,"Математика, Обществознание, География, Русский язык",38.03.05,38.03.05 — Бизнес-информатика,141,📉 Снижающийся,0,🟢 Высокие,0.85,
Очно-заочная договор,"Математика, Обществознание, География, Русский язык",38.03.03,38.03.03 — Управление персоналом,140,📉 Снижающийся,0,🟢 Высокие,0.85,
Очно-заочная договор,"Математика, Обществознание, География, Русский язык",38.03.01,38.03.01 — Экономика,139,📉 Снижающийся,0,🟢 Высокие,0.85,
Очно-заочная договор,"Математика, Обществознание, Английский язык, Русский язык",41.03.04,41.03.04 — Политология,151,➡️ Стабильный,0,🟢 Высокие,0.85,
Очно-заочная договор,"Математика, Обществознание, Английский язык, Русский язык",40.03.01,40.03.01 — Юриспруденция,145,📉 Снижающийся,0,🟢 Высокие,0.85,
Очно-заочная договор,"Математика, Обществознание, Английский язык, Русский язык",38.03.03,38.03.03 — Управление персоналом,140,📉 Снижающийся,0,🟢 Высокие,0.85,
Очно-заочная договор,"Математика, Обществознание, Английский язык, Русский язык",38.03.01,38.03.01 — Экономика,139,📉 Снижающийся,0,🟢 Высокие,0.85,
Очно-заочная договор,"Математика, Обществознание, Английский язык, Русский язык",38.03.02,38.03.02 — Менеджмент,135,📉 Снижающийся,0,🟢 Высокие,0.85,
Очно-заочная договор,"Математика, История, Биология, Русский язык",41.03.04,41.03.04 — Политология,151,➡️ Стабильный,0,🟢 Высокие,0.85,
Очно-заочная договор,"Математика, История, Биология, Русский язык",40.03.01,40.03.01 — Юриспруденция,145,📉 Снижающийся,0,🟢 Высокие,0.85,
Очно-заочная договор,"Математика, История, Химия, Русский язык",41.03.04,41.03.04 — Политология,151,➡️ Стабильный,0,🟢 Высокие,0.85,
Очно-заочная договор,"Математика, История, Химия, Русский язык",40.03.01,40.03.01 — Юриспруденция,145,📉 Снижающийся,0,🟢 Высокие,0.85,
Очно-заочная договор,"Математика, История, Физика, Русский язык",41.03.04,41.03.04 — Политология,151,➡️ Стабильный,0,🟢 Высокие,0.85,
Очно-заочная договор,"Математика, История, Физика, Русский язык",40.03.01,40.03.01 — Юриспруденция,145,📉 Снижающийся,0,🟢 Высокие,0.85,
Очно-заочная договор,"Математика, История, География, Русский язык",41.03.04,41.03.04 — Политология,151,➡️ Стабильный,0,🟢 Высокие,0.85,
Очно-заочная договор,"Математика, История, География, Русский язык",40.03.01,40.03.01 — Юриспруденция,145,📉 Снижающийся,0,🟢 Высокие,0.85,
Очно-заочная договор,"Математика, История, Английский язык, Русский язык",41.03.04,41.03.04 — Политология,151,➡️ Стабильный,0,🟢 Высокие,0.85,
Очно-заочная договор,"Математика, История, Английский язык, Русский язык",40.03.01,40.03.01 — Юриспруденция,145,📉 Снижающийся,0,🟢 Высокие,0.85,
Очно-заочная договор,"Математика, История, Английский язык, Русский язык",38.03.03,38.03.03 — Управление персоналом,140,📉 Снижающийся,0,🟢 Высокие,0.85,
Очно-заочная договор,"Математика, История, Английский язык, Русский язык",38.03.01,38.03.01 — Экономика,139,📉 Снижающийся,0,🟢 Высокие,0.85,
Очно-заочная договор,"Математика, История, Английский язык, Русский язык",38.03.02,38.03.02 — Менеджмент,135,📉 Снижающийся,0,🟢 Высокие,0.85,
Очно-заочная договор,"Математика, Биология, Химия, Русский язык",,НАПРАВЛЕНИЯ НЕ НАЙДЕНЫ,,,,—,,
Очно-заочная договор,"Математика, Биология, Физика, Русский язык",,НАПРАВЛЕНИЯ НЕ НАЙДЕНЫ,,,,—,,
Очно-заочная договор,"Математика, Биология, География, Русский язык",,НАПРАВЛЕНИЯ НЕ НАЙДЕНЫ,,,,—,,
Очно-заочная договор,"Математика, Биология, Английский язык, Русский язык",41.03.04,41.03.04 — Политология,151,➡️ Стабильный,0,🟢 Высокие,0.85,
Очно-заочная договор,"Математика, Биология, Английский язык, Русский язык",40.03.01,40.03.01 — Юриспруденция,145,📉 Снижающийся,0,🟢 Высокие,0.85,
Очно-заочная договор,"Математика, Биология, Английский язык, Русский язык",38.03.03,38.03.03 — Управление персоналом,140,📉 Снижающийся,0,🟢 Высокие,0.85,
Очно-заочная договор,"Математика, Биология, Английский язык, Русский язык",38.03.01,38.03.01 — Экономика,139,📉 Снижающийся,0,🟢 Высокие,0.85,
Очно-заочная договор,"Математика, Биология, Английский язык, Русский язык",38.03.02,38.03.02 — Менеджмент,135,📉 Снижающийся,0,🟢 Высокие,0.85,
Очно-заочная договор,"Математика, Химия, Физика, Русский язык",,НАПРАВЛЕНИЯ НЕ НАЙДЕНЫ,,,,—,,
Очно-заочная договор,"Математика, Химия, География, Русский язык",,НАПРАВЛЕНИЯ НЕ НАЙДЕНЫ,,,,—,,
Очно-заочная договор,"Математика, Химия, Английский язык, Русский язык",41.03.04,41.03.04 — Политология,151,➡️ Стабильный,0,🟢 Высокие,0.85,
Очно-заочная договор,"Математика, Химия, Английский язык, Русский язык",40.03.01,40.03.01 — Юриспруденция,145,📉 Снижающийся,0,🟢 Высокие,0.85,
Очно-заочная договор,"Математика, Химия, Английский язык, Русский язык",38.03.03,38.03.03 — Управление персоналом,140,📉 Снижающийся,0,🟢 Высокие,0.85,
Очно-заочная договор,"Математика, Химия, Английский язык, Русский язык",38.03.01,38.03.01 — Экономика,139,📉 Снижающийся,0,🟢 Высокие,0.85,
Очно-заочная договор,"Математика, Химия, Английский язык, Русский язык",38.03.02,38.03.02 — Менеджмент,135,📉 Снижающийся,0,🟢 Высокие,0.85,
Очно-заочная договор,"Математика, Физика, География, Русский язык",,НАПРАВЛЕНИЯ НЕ НАЙДЕНЫ,,,,—,,
Очно-заочная договор,"Математика, Физика, Английский язык, Русский язык",41.03.04,41.03.04 — Политология,151,➡️ Стабильный,0,🟢 Высокие,0.85,
Очно-заочная договор,"Математика, Физика, Английский язык, Русский язык",40.03.01,40.03.01 — Юриспруденция,145,📉 Снижающийся,0,🟢 Высокие,0.85,
Очно-заочная договор,"Математика, Физика, Английский язык, Русский язык",38.03.03,38.03.03 — Управление персоналом,140,📉 Снижающийся,0,🟢 Высокие,0.85,
Очно-заочная договор,"Математика, Физика, Английский язык, Русский язык",38.03.01,38.03.01 — Экономика,139,📉 Снижающийся,0,🟢 Высокие,0.85,
Очно-заочная договор,"Математика, Физика, Английский язык, Русский язык",38.03.02,38.03.02 — Менеджмент,135,📉 Снижающийся,0,🟢 Высокие,0.85,
Очно-заочная договор,"Математика, География, Английский язык, Русский язык",41.03.04,41.03.04 — Политология,151,➡️ Стабильный,0,🟢 Высокие,0.85,
Очно-заочная договор,"Математика, География, Английский язык, Русский язык",40.03.01,40.03.01 — Юриспруденция,145,📉 Снижающийся,0,🟢 Высокие,0.85,
Очно-заочная договор,"Математика, География, Английский язык, Русский язык",38.03.03,38.03.03 — Управление персоналом,140,📉 Снижающийся,0,🟢 Высокие,0.85,
Очно-заочная договор,"Математика, География, Английский язык, Русский язык",38.03.01,38.03.01 — Экономика,139,📉 Снижающийся,0,🟢 Высокие,0.85,
Очно-заочная договор,"Математика, География, Английский язык, Русский язык",38.03.02,38.03.02 — Менеджмент,135,📉 Снижающийся,0,🟢 Высокие,0.85,
Очно-заочная договор,"Информатика, Обществознание, История, Русский язык, Математика",41.03.04,41.03.04 — Политология,151,➡️ Стабильный,0,🟢 Высокие,0.85,
Очно-заочная договор,"Информатика, Обществознание, История, Русский язык, Математика",40.03.01,40.03.01 — Юриспруденция,145,📉 Снижающийся,0,🟢 Высокие,0.85,
Очно-заочная договор,"Информатика, Обществознание, История, Русский язык, Математика",38.03.05,38.03.05 — Бизнес-информатика,141,📉 Снижающийся,0,🟢 Высокие,0.85,
Очно-заочная договор,"Информатика, Обществознание, История, Русский язык, Математика",09.03.03,09.03.03 — Прикладная информатика,150,📉 Снижающийся,0,🟢 Высокие,0.85,
Очно-заочная договор,"Информатика, Обществознание, История, Русский язык, Математика",38.03.03,38.03.03 — Управление персоналом,140,📉 Снижающийся,0,🟢 Высокие,0.85,
Очно-заочная договор,"Информатика, Обществознание, Биология, Русский язык, Математика",38.03.05,38.03.05 — Бизнес-информатика,141,📉 Снижающийся,0,🟢 Высокие,0.85,
Очно-заочная договор,"Информатика, Обществознание, Биология, Русский язык, Математика",41.03.04,41.03.04 — Политология,151,➡️ Стабильный,0,🟢 Высокие,0.85,
Очно-заочная договор,"Информатика, Обществознание, Биология, Русский язык, Математика",09.03.03,09.03.03 — Прикладная информатика,150,📉 Снижающийся,0,🟢 Высокие,0.85,
Очно-заочная договор,"Информатика, Обществознание, Биология, Русский язык, Математика",40.03.01,40.03.01 — Юриспруденция,145,📉 Снижающийся,0,🟢 Высокие,0.85,
Очно-заочная договор,"Информатика, Обществознание, Биология, Русский язык, Математика",38.03.03,38.03.03 — Управление персоналом,140,📉 Снижающийся,0,🟢 Высокие,0.85,
Очно-заочная договор,"Информатика, Обществознание, Химия, Русский язык, Математика",38.03.05,38.03.05 — Бизнес-информатика,141,📉 Снижающийся,0,🟢 Высокие,0.85,
Очно-заочная договор,"Информатика, Обществознание, Химия, Русский язык, Математика",41.03.04,41.03.04 — Политология,151,➡️ Стабильный,0,🟢 Высокие,0.85,
Очно-заочная договор,"Информатика, Обществознание, Химия, Русский язык, Математика",09.03.03,09.03.03 — Прикладная информатика,150,📉 Снижающийся,0,🟢 Высокие,0.85,
Очно-заочная договор,"Информатика, Обществознание, Химия, Русский язык, Математика",40.03.01,40.03.01 — Юриспруденция,145,📉 Снижающийся,0,🟢 Высокие,0.85,
Очно-заочная договор,"Информатика, Обществознание, Химия, Русский язык, Математика",38.03.03,38.03.03 — Управление персоналом,140,📉 Снижающийся,0,🟢 Высокие,0.85,
Очно-заочная договор,"Информатика, Обществознание, Физика, Русский язык, Математика",38.03.05,38.03.05 — Бизнес-информатика,141,📉 Снижающийся,0,🟢 Высокие,0.85,
Очно-заочная договор,"Информатика, Обществознание, Физика, Русский язык, Математика",41.03.04,41.03.04 — Политология,151,➡️ Стабильный,0,🟢 Высокие,0.85,
Очно-заочная договор,"Информатика, Обществознание, Физика, Русский язык, Математика",09.03.03,09.03.03 — Прикладная информатика,150,📉 Снижающийся,0,🟢 Высокие,0.85,
Очно-заочная договор,"Информатика, Обществознание, Физика, Русский язык, Математика",40.03.01,40.03.01 — Юриспруденция,145,📉 Снижающийся,0,🟢 Высокие,0.85,
Очно-заочная договор,"Информатика, Обществознание, Физика, Русский язык, Математика",38.03.03,38.03.03 — Управление персоналом,140,📉 Снижающийся,0,🟢 Высокие,0.85,
Очно-заочная договор,"Информатика, Обществознание, География, Русский язык, Математика",38.03.05,38.03.05 — Бизнес-информатика,141,📉 Снижающийся,0,🟢 Высокие,0.85,
Очно-заочная договор,"Информатика, Обществознание, География, Русский язык, Математика",41.03.04,41.03.04 — Политология,151,➡️ Стабильный,0,🟢 Высокие,0.85,
Очно-заочная договор,"Информатика, Обществознание, География, Русский язык, Математика",09.03.03,09.03.03 — Прикладная информатика,150,📉 Снижающийся,0,🟢 Высокие,0.85,
Очно-заочная договор,"Информатика, Обществознание, География, Русский язык, Математика",40.03.01,40.03.01 — Юриспруденция,145,📉 Снижающийся,0,🟢 Высокие,0.85,
Очно-заочная договор,"Информатика, Обществознание, География, Русский язык, Математика",38.03.03,38.03.03 — Управление персоналом,140,📉 Снижающийся,0,🟢 Высокие,0.85,
Очно-заочная договор,"Информатика, Обществознание, Английский язык, Русский язык, Математика",41.03.04,41.03.04 — Политология,151,➡️ Стабильный,0,🟢 Высокие,0.85,
Очно-заочная договор,"Информатика, Обществознание, Английский язык, Русский язык, Математика",40.03.01,40.03.01 — Юриспруденция,145,📉 Снижающийся,0,🟢 Высокие,0.85,
Очно-заочная договор,"Информатика, Обществознание, Английский язык, Русский язык, Математика",38.03.05,38.03.05 — Бизнес-информатика,141,📉 Снижающийся,0,🟢 Высокие,0.85,
Очно-заочная договор,"Информатика, Обществознание, Английский язык, Русский язык, Математика",38.03.03,38.03.03 — Управление персоналом,140,📉 Снижающийся,0,🟢 Высокие,0.85,
Очно-заочная договор,"Информатика, Обществознание, Английский язык, Русский язык, Математика",38.03.01,38.03.01 — Экономика,139,📉 Снижающийся,0,🟢 Высокие,0.85,
Очно-заочная договор,"Информатика, История, Биология, Русский язык, Математика",41.03.04,41.03.04 — Политология,151,➡️ Стабильный,0,🟢 Высокие,0.85,
Очно-заочная договор,"Информатика, История, Биология, Русский язык, Математика",09.03.03,09.03.03 — Прикладная информатика,150,📉 Снижающийся,0,🟢 Высокие,0.85,
Очно-заочная договор,"Информатика, История, Биология, Русский язык, Математика",40.03.01,40.03.01 — Юриспруденция,145,📉 Снижающийся,0,🟢 Высокие,0.85,
Очно-заочная договор,"Информатика, История, Биология, Русский язык, Математика",38.03.05,38.03.05 — Бизнес-информатика,141,📉 Снижающийся,0,🟢 Высокие,0.85,
Очно-заочная договор,"Информатика, История, Химия, Русский язык, Математика",41.03.04,41.03.04 — Политология,151,➡️ Стабильный,0,🟢 Высокие,0.85,
Очно-заочная договор,"Информатика, История, Химия, Русский язык, Математика",09.03.03,09.03.03 — Прикладная информатика,150,📉 Снижающийся,0,🟢 Высокие,0.85,
Очно-заочная договор,"Информатика, История, Химия, Русский язык, Математика",40.03.01,40.03.01 — Юриспруденция,145,📉 Снижающийся,0,🟢 Высокие,0.85,
Очно-заочная договор,"Информатика, История, Химия, Русский язык, Математика",38.03.05,38.03.05 — Бизнес-информатика,141,📉 Снижающийся,0,🟢 Высокие,0.85,
Очно-заочная договор,"Информатика, История, Физика, Русский язык, Математика",41.03.04,41.03.04 — Политология,151,➡️ Стабильный,0,🟢 Высокие,0.85,
Очно-заочная договор,"Информатика, История, Физика, Русский язык, Математика",09.03.03,09.03.03 — Прикладная информатика,150,📉 Снижающийся,0,🟢 Высокие,0.85,
Очно-заочная договор,"Информатика, История, Физика, Русский язык, Математика",40.03.01,40.03.01 — Юриспруденция,145,📉 Снижающийся,0,🟢 Высокие,0.85,
Очно-заочная договор,"Информатика, История, Физика, Русский язык, Математика",38.03.05,38.03.05 — Бизнес-информатика,141,📉 Снижающийся,0,🟢 Высокие,0.85,
Очно-заочная договор,"Информатика, История, География, Русский язык, Математика",41.03.04,41.03.04 — Политология,151,➡️ Стабильный,0,🟢 Высокие,0.85,
Очно-заочная договор,"Информатика, История, География, Русский язык, Математика",09.03.03,09.03.03 — Прикладная информатика,150,📉 Снижающийся,0,🟢 Высокие,0.85,
Очно-заочная договор,"Информатика, История, География, Русский язык, Математика",40.03.01,40.03.01 — Юриспруденция,145,📉 Снижающийся,0,🟢 Высокие,0.85,
Очно-заочная договор,"Информатика, История, География, Русский язык, Математика",38.03.05,38.03.05 — Бизнес-информатика,141,📉 Снижающийся,0,🟢 Высокие,0.85,
Очно-заочная договор,"Информатика, История, Английский язык, Русский язык, Математика",41.03.04,41.03.04 — Политология,151,➡️ Стабильный,0,🟢 Высокие,0.85,
Очно-заочная договор,"Информатика, История, Английский язык, Русский язык, Математика",40.03.01,40.03.01 — Юриспруденция,145,📉 Снижающийся,0,🟢 Высокие,0.85,
Очно-заочная договор,"Информатика, История, Английский язык, Русский язык, Математика",09.03.03,09.03.03 — Прикладная информатика,150,📉 Снижающийся,0,🟢 Высокие,0.85,
Очно-заочная договор,"Информатика, История, Английский язык, Русский язык, Математика",38.03.05,38.03.05 — Бизнес-информатика,141,📉 Снижающийся,0,🟢 Высокие,0.85,
Очно-заочная договор,"Информатика, История, Английский язык, Русский язык, Математика",38.03.03,38.03.03 — Управление персоналом,140,📉 Снижающийся,0,🟢 Высокие,0.85,
Очно-заочная договор,"Информатика, Биология, Химия, Русский язык, Математика",09.03.03,09.03.03 — Прикладная информатика,150,📉 Снижающийся,0,🟢 Высокие,0.85,
Очно-заочная договор,"Информатика, Биология, Химия, Русский язык, Математика",38.03.05,38.03.05 — Бизнес-информатика,141,📉 Снижающийся,0,🟢 Высокие,0.85,
Очно-заочная договор,"Информатика, Биология, Физика, Русский язык, Математика",09.03.03,09.03.03 — Прикладная информатика,150,📉 Снижающийся,0,🟢 Высокие,0.85,
Очно-заочная договор,"Информатика, Биология, Физика, Русский язык, Математика",38.03.05,38.03.05 — Бизнес-информатика,141,📉 Снижающийся,0,🟢 Высокие,0.85,
Очно-заочная договор,"Информатика, Биология, География, Русский язык, Математика",09.03.03,09.03.03 — Прикладная информатика,150,📉 Снижающийся,0,🟢 Высокие,0.85,
Очно-заочная договор,"Информатика, Биология, География, Русский язык, Математика",38.03.05,38.03.05 — Бизнес-информатика,141,📉 Снижающийся,0,🟢 Высокие,0.85,
Очно-заочная договор,"Информатика, Биология, Английский язык, Русский язык, Математика",41.03.04,41.03.04 — Политология,151,➡️ Стабильный,0,🟢 Высокие,0.85,
Очно-заочная договор,"Информатика, Биология, Английский язык, Русский язык, Математика",09.03.03,09.03.03 — Прикладная информатика,150,📉 Снижающийся,0,🟢 Высокие,0.85,
Очно-заочная договор,"Информатика, Биология, Английский язык, Русский язык, Математика",40.03.01,40.03.01 — Юриспруденция,145,📉 Снижающийся,0,🟢 Высокие,0.85,
Очно-заочная договор,"Информатика, Биология, Английский язык, Русский язык, Математика",38.03.05,38.03.05 — Бизнес-информатика,141,📉 Снижающийся,0,🟢 Высокие,0.85,
Очно-заочная договор,"Информатика, Биология, Английский язык, Русский язык, Математика",38.03.03,38.03.03 — Управление персоналом,140,📉 Снижающийся,0,🟢 Высокие,0.85,
Очно-заочная договор,"Информатика, Химия, Физика, Русский язык, Математика",09.03.03,09.03.03 — Прикладная информатика,150,📉 Снижающийся,0,🟢 Высокие,0.85,
Очно-заочная договор,"Информатика, Химия, Физика, Русский язык, Математика",38.03.05,38.03.05 — Бизнес-информатика,141,📉 Снижающийся,0,🟢 Высокие,0.85,
Очно-заочная договор,"Информатика, Химия, География, Русский язык, Математика",09.03.03,09.03.03 — Прикладная информатика,150,📉 Снижающийся,0,🟢 Высокие,0.85,
Очно-заочная договор,"Информатика, Химия, География, Русский язык, Математика",38.03.05,38.03.05 — Бизнес-информатика,141,📉 Снижающийся,0,🟢 Высокие,0.85,
Очно-заочная договор,"Информатика, Химия, Английский язык, Русский язык, Математика",41.03.04,41.03.04 — Политология,151,➡️ Стабильный,0,🟢 Высокие,0.85,
Очно-заочная договор,"Информатика, Химия, Английский язык, Русский язык, Математика",09.03.03,09.03.03 — Прикладная информатика,150,📉 Снижающийся,0,🟢 Высокие,0.85,
Очно-заочная договор,"Информатика, Химия, Английский язык, Русский язык, Математика",40.03.01,40.03.01 — Юриспруденция,145,📉 Снижающийся,0,🟢 Высокие,0.85,
Очно-заочная договор,"Информатика, Химия, Английский язык, Русский язык, Математика",38.03.05,38.03.05 — Бизнес-информатика,141,📉 Снижающийся,0,🟢 Высокие,0.85,
Очно-заочная договор,"Информатика, Химия, Английский язык, Русский язык, Математика",38.03.03,38.03.03 — Управление персоналом,140,📉 Снижающийся,0,🟢 Высокие,0.85,
Очно-заочная договор,"Информатика, Физика, География, Русский язык, Математика",09.03.03,09.03.03 — Прикладная информатика,150,📉 Снижающийся,0,🟢 Высокие,0.85,
Очно-заочная договор,"Информатика, Физика, География, Русский язык, Математика",38.03.05,38.03.05 — Бизнес-информатика,141,📉 Снижающийся,0,🟢 Высокие,0.85,
Очно-заочная договор,"Информатика, Физика, Английский язык, Русский язык, Математика",41.03.04,41.03.04 — Политология,151,➡️ Стабильный,0,🟢 Высокие,0.85,
Очно-заочная договор,"Информатика, Физика, Английский язык, Русский язык, Математика",09.03.03,09.03.03 — Прикладная информатика,150,📉 Снижающийся,0,🟢 Высокие,0.85,
Очно-заочная договор,"Информатика, Физика, Английский язык, Русский язык, Математика",40.03.01,40.03.01 — Юриспруденция,145,📉 Снижающийся,0,🟢 Высокие,0.85,
Очно-заочная договор,"Информатика, Физика, Английский язык, Русский язык, Математика",38.03.05,38.03.05 — Бизнес-информатика,141,📉 Снижающийся,0,🟢 Высокие,0.85,
Очно-заочная договор,"Информатика, Физика, Английский язык, Русский язык, Математика",38.03.03,38.03.03 — Управление персоналом,140,📉 Снижающийся,0,🟢 Высокие,0.85,
Очно-заочная договор,"Информатика, География, Английский язык, Русский язык, Математика",41.03.04,41.03.04 — Политология,151,➡️ Стабильный,0,🟢 Высокие,0.85,
Очно-заочная договор,"Информатика, География, Английский язык, Русский язык, Математика",09.03.03,09.03.03 — Прикладная информатика,150,📉 Снижающийся,0,🟢 Высокие,0.85,
Очно-заочная договор,"Информатика, География, Английский язык, Русский язык, Математика",40.03.01,40.03.01 — Юриспруденция,145,📉 Снижающийся,0,🟢 Высокие,0.85,
Очно-заочная договор,"Информатика, География, Английский язык, Русский язык, Математика",38.03.05,38.03.05 — Бизнес-информатика,141,📉 Снижающийся,0,🟢 Высокие,0.85,
Очно-заочная договор,"Информатика, География, Английский язык, Русский язык, Математика",38.03.03,38.03.03 — Управление персоналом,140,📉 Снижающийся,0,🟢 Высокие,0.85,
Очно-заочная договор,"Обществознание, История, Биология, Русский язык, Математика",41.03.04,41.03.04 — Политология,151,➡️ Стабильный,0,🟢 Высокие,0.85,
Очно-заочная договор,"Обществознание, История, Биология, Русский язык, Математика",40.03.01,40.03.01 — Юриспруденция,145,📉 Снижающийся,0,🟢 Высокие,0.85,
Очно-заочная договор,"Обществознание, История, Биология, Русский язык, Математика",38.03.05,38.03.05 — Бизнес-информатика,141,📉 Снижающийся,0,🟢 Высокие,0.85,
Очно-заочная договор,"Обществознание, История, Биология, Русский язык, Математика",38.03.03,38.03.03 — Управление персоналом,140,📉 Снижающийся,0,🟢 Высокие,0.85,
Очно-заочная договор,"Обществознание, История, Биология, Русский язык, Математика",38.03.01,38.03.01 — Экономика,139,📉 Снижающийся,0,🟢 Высокие,0.85,
Очно-заочная договор,"Обществознание, История, Химия, Русский язык, Математика",41.03.04,41.03.04 — Политология,151,➡️ Стабильный,0,🟢 Высокие,0.85,
Очно-заочная договор,"Обществознание, История, Химия, Русский язык, Математика",40.03.01,40.03.01 — Юриспруденция,145,📉 Снижающийся,0,🟢 Высокие,0.85,
Очно-заочная договор,"Обществознание, История, Химия, Русский язык, Математика",38.03.05,38.03.05 — Бизнес-информатика,141,📉 Снижающийся,0,🟢 Высокие,0.85,
Очно-заочная договор,"Обществознание, История, Химия, Русский язык, Математика",38.03.03,38.03.03 — Управление персоналом,140,📉 Снижающийся,0,🟢 Высокие,0.85,
Очно-заочная договор,"Обществознание, История, Химия, Русский язык, Математика",38.03.01,38.03.01 — Экономика,139,📉 Снижающийся,0,🟢 Высокие,0.85,
Очно-заочная договор,"Обществознание, История, Физика, Русский язык, Математика",41.03.04,41.03.04 — Политология,151,➡️ Стабильный,0,🟢 Высокие,0.85,
Очно-заочная договор,"Обществознание, История, Физика, Русский язык, Математика",40.03.01,40.03.01 — Юриспруденция,145,📉 Снижающийся,0,🟢 Высокие,0.85,
Очно-заочная договор,"Обществознание, История, Физика, Русский язык, Математика",38.03.05,38.03.05 — Бизнес-информатика,141,📉 Снижающийся,0,🟢 Высокие,0.85,
Очно-заочная договор,"Обществознание, История, Физика, Русский язык, Математика",38.03.03,38.03.03 — Управление персоналом,140,📉 Снижающийся,0,🟢 Высокие,0.85,
Очно-заочная договор,"Обществознание, История, Физика, Русский язык, Математика",38.03.01,38.03.01 — Экономика,139,📉 Снижающийся,0,🟢 Высокие,0.85,
Очно-заочная договор,"Обществознание, История, География, Русский язык, Математика",41.03.04,41.03.04 — Политология,151,➡️ Стабильный,0,🟢 Высокие,0.85,
Очно-заочная договор,"Обществознание, История, География, Русский язык, Математика",40.03.01,40.03.01 — Юриспруденция,145,📉 Снижающийся,0,🟢 Высокие,0.85,
Очно-заочная договор,"Обществознание, История, География, Русский язык, Математика",38.03.05,38.03.05 — Бизнес-информатика,141,📉 Снижающийся,0,🟢 Высокие,0.85,
Очно-заочная договор,"Обществознание, История, География, Русский язык, Математика",38.03.03,38.03.03 — Управление персоналом,140,📉 Снижающийся,0,🟢 Высокие,0.85,
Очно-заочная договор,"Обществознание, История, География, Русский язык, Математика",38.03.01,38.03.01 — Экономика,139,📉 Снижающийся,0,🟢 Высокие,0.85,
Очно-заочная договор,"Обществознание, История, Английский язык, Русский язык, Математика",41.03.04,41.03.04 — Политология,151,➡️ Стабильный,0,🟢 Высокие,0.85,
Очно-заочная договор,"Обществознание, История, Английский язык, Русский язык, Математика",40.03.01,40.03.01 — Юриспруденция,145,📉 Снижающийся,0,🟢 Высокие,0.85,
Очно-заочная договор,"Обществознание, История, Английский язык, Русский язык, Математика",38.03.03,38.03.03 — Управление персоналом,140,📉 Снижающийся,0,🟢 Высокие,0.85,
Очно-заочная договор,"Обществознание, История, Английский язык, Русский язык, Математика",38.03.01,38.03.01 — Экономика,139,📉 Снижающийся,0,🟢 Высокие,0.85,
Очно-заочная договор,"Обществознание, История, Английский язык, Русский язык, Математика",38.03.02,38.03.02 — Менеджмент,135,📉 Снижающийся,0,🟢 Высокие,0.85,
Очно-заочная договор,"Обществознание, Биология, Химия, Русский язык, Математика",41.03.04,41.03.04 — Политология,151,➡️ Стабильный,0,🟢 Высокие,0.85,
Очно-заочная договор,"Обществознание, Биология, Химия, Русский язык, Математика",40.03.01,40.03.01 — Юриспруденция,145,📉 Снижающийся,0,🟢 Высокие,0.85,
Очно-заочная договор,"Обществознание, Биология, Химия, Русский язык, Математика",38.03.05,38.03.05 — Бизнес-информатика,141,📉 Снижающийся,0,🟢 Высокие,0.85,
Очно-заочная договор,"Обществознание, Биология, Химия, Русский язык, Математика",38.03.03,38.03.03 — Управление персоналом,140,📉 Снижающийся,0,🟢 Высокие,0.85,
Очно-заочная договор,"Обществознание, Биология, Химия, Русский язык, Математика",38.03.01,38.03.01 — Экономика,139,📉 Снижающийся,0,🟢 Высокие,0.85,
Очно-заочная договор,"Обществознание, Биология, Физика, Русский язык, Математика",41.03.04,41.03.04 — Политология,151,➡️ Стабильный,0,🟢 Высокие,0.85,
Очно-заочная договор,"Обществознание, Биология, Физика, Русский язык, Математика",40.03.01,40.03.01 — Юриспруденция,145,📉 Снижающийся,0,🟢 Высокие,0.85,
Очно-заочная договор,"Обществознание, Биология, Физика, Русский язык, Математика",38.03.05,38.03.05 — Бизнес-информатика,141,📉 Снижающийся,0,🟢 Высокие,0.85,
Очно-заочная договор,"Обществознание, Биология, Физика, Русский язык, Математика",38.03.03,38.03.03 — Управление персоналом,140,📉 Снижающийся,0,🟢 Высокие,0.85,
Очно-заочная договор,"Обществознание, Биология, Физика, Русский язык, Математика",38.03.01,38.03.01 — Экономика,139,📉 Снижающийся,0,🟢 Высокие,0.85,
Очно-заочная договор,"Обществознание, Биология, География, Русский язык, Математика",41.03.04,41.03.04 — Политология,151,➡️ Стабильный,0,🟢 Высокие,0.85,
Очно-заочная договор,"Обществознание, Биология, География, Русский язык, Математика",40.03.01,40.03.01 — Юриспруденция,145,📉 Снижающийся,0,🟢 Высокие,0.85,
Очно-заочная договор,"Обществознание, Биология, География, Русский язык, Математика",38.03.05,38.03.05 — Бизнес-информатика,141,📉 Снижающийся,0,🟢 Высокие,0.85,
Очно-заочная договор,"Обществознание, Биология, География, Русский язык, Математика",38.03.03,38.03.03 — Управление персоналом,140,📉 Снижающийся,0,🟢 Высокие,0.85,
Очно-заочная договор,"Обществознание, Биология, География, Русский язык, Математика",38.03.01,38.03.01 — Экономика,139,📉 Снижающийся,0,🟢 Высокие,0.85,
Очно-заочная договор,"Обществознание, Биология, Английский язык, Русский язык, Математика",41.03.04,41.03.04 — Политология,151,➡️ Стабильный,0,🟢 Высокие,0.85,
Очно-заочная договор,"Обществознание, Биология, Английский язык, Русский язык, Математика",40.03.01,40.03.01 — Юриспруденция,145,📉 Снижающийся,0,🟢 Высокие,0.85,
Очно-заочная договор,"Обществознание, Биология, Английский язык, Русский язык, Математика",38.03.03,38.03.03 — Управление персоналом,140,📉 Снижающийся,0,🟢 Высокие,0.85,
Очно-заочная договор,"Обществознание, Биология, Английский язык, Русский язык, Математика",38.03.01,38.03.01 — Экономика,139,📉 Снижающийся,0,🟢 Высокие,0.85,
Очно-заочная договор,"Обществознание, Биология, Английский язык, Русский язык, Математика",38.03.02,38.03.02 — Менеджмент,135,📉 Снижающийся,0,🟢 Высокие,0.85,
Очно-заочная договор,"Обществознание, Химия, Физика, Русский язык, Математика",41.03.04,41.03.04 — Политология,151,➡️ Стабильный,0,🟢 Высокие,0.85,
Очно-заочная договор,"Обществознание, Химия, Физика, Русский язык, Математика",40.03.01,40.03.01 — Юриспруденция,145,📉 Снижающийся,0,🟢 Высокие,0.85,
Очно-заочная договор,"Обществознание, Химия, Физика, Русский язык, Математика",38.03.05,38.03.05 — Бизнес-информатика,141,📉 Снижающийся,0,🟢 Высокие,0.85,
Очно-заочная договор,"Обществознание, Химия, Физика, Русский язык, Математика",38.03.03,38.03.03 — Управление персоналом,140,📉 Снижающийся,0,🟢 Высокие,0.85,
Очно-заочная договор,"Обществознание, Химия, Физика, Русский язык, Математика",38.03.01,38.03.01 — Экономика,139,📉 Снижающийся,0,🟢 Высокие,0.85,
Очно-заочная договор,"Обществознание, Химия, География, Русский язык, Математика",41.03.04,41.03.04 — Политология,151,➡️ Стабильный,0,🟢 Высокие,0.85,
Очно-заочная договор,"Обществознание, Химия, География, Русский язык, Математика",40.03.01,40.03.01 — Юриспруденция,145,📉 Снижающийся,0,🟢 Высокие,0.85,
Очно-заочная договор,"Обществознание, Химия, География, Русский язык, Математика",38.03.05,38.03.05 — Бизнес-информатика,141,📉 Снижающийся,0,🟢 Высокие,0.85,
Очно-заочная договор,"Обществознание, Химия, География, Русский язык, Математика",38.03.03,38.03.03 — Управление персоналом,140,📉 Снижающийся,0,🟢 Высокие,0.85,
Очно-заочная договор,"Обществознание, Химия, География, Русский язык, Математика",38.03.01,38.03.01 — Экономика,139,📉 Снижающийся,0,🟢 Высокие,0.85,
Очно-заочная договор,"Обществознание, Химия, Английский язык, Русский язык, Математика",41.03.04,41.03.04 — Политология,151,➡️ Стабильный,0,🟢 Высокие,0.85,
Очно-заочная договор,"Обществознание, Химия, Английский язык, Русский язык, Математика",40.03.01,40.03.01 — Юриспруденция,145,📉 Снижающийся,0,🟢 Высокие,0.85,
Очно-заочная договор,"Обществознание, Химия, Английский язык, Русский язык, Математика",38.03.03,38.03.03 — Управление персоналом,140,📉 Снижающийся,0,🟢 Высокие,0.85,
Очно-заочная договор,"Обществознание, Химия, Английский язык, Русский язык, Математика",38.03.01,38.03.01 — Экономика,139,📉 Снижающийся,0,🟢 Высокие,0.85,
Очно-заочная договор,"Обществознание, Химия, Английский язык, Русский язык, Математика",38.03.02,38.03.02 — Менеджмент,135,📉 Снижающийся,0,🟢 Высокие,0.85,
Очно-заочная договор,"Обществознание, Физика, География, Русский язык, Математика",41.03.04,41.03.04 — Политология,151,➡️ Стабильный,0,🟢 Высокие,0.85,
Очно-заочная договор,"Обществознание, Физика, География, Русский язык, Математика",40.03.01,40.03.01 — Юриспруденция,145,📉 Снижающийся,0,🟢 Высокие,0.85,
Очно-заочная договор,"Обществознание, Физика, География, Русский язык, Математика",38.03.05,38.03.05 — Бизнес-информатика,141,📉 Снижающийся,0,🟢 Высокие,0.85,
Очно-заочная договор,"Обществознание, Физика, География, Русский язык, Математика",38.03.03,38.03.03 — Управление персоналом,140,📉 Снижающийся,0,🟢 Высокие,0.85,
Очно-заочная договор,"Обществознание, Физика, География, Русский язык, Математика",38.03.01,38.03.01 — Экономика,139,📉 Снижающийся,0,🟢 Высокие,0.85,
Очно-заочная договор,"Обществознание, Физика, Английский язык, Русский язык, Математика",41.03.04,41.03.04 — Политология,151,➡️ Стабильный,0,🟢 Высокие,0.85,
Очно-заочная договор,"Обществознание, Физика, Английский язык, Русский язык, Математика",40.03.01,40.03.01 — Юриспруденция,145,📉 Снижающийся,0,🟢 Высокие,0.85,
Очно-заочная договор,"Обществознание, Физика, Английский язык, Русский язык, Математика",38.03.03,38.03.03 — Управление персоналом,140,📉 Снижающийся,0,🟢 Высокие,0.85,
Очно-заочная договор,"Обществознание, Физика, Английский язык, Русский язык, Математика",38.03.01,38.03.01 — Экономика,139,📉 Снижающийся,0,🟢 Высокие,0.85,
Очно-заочная договор,"Обществознание, Физика, Английский язык, Русский язык, Математика",38.03.02,38.03.02 — Менеджмент,135,📉 Снижающийся,0,🟢 Высокие,0.85,
Очно-заочная договор,"Обществознание, География, Английский язык, Русский язык, Математика",41.03.04,41.03.04 — Политология,151,➡️ Стабильный,0,🟢 Высокие,0.85,
Очно-заочная договор,"Обществознание, География, Английский язык, Русский язык, Математика",40.03.01,40.03.01 — Юриспруденция,145,📉 Снижающийся,0,🟢 Высокие,0.85,
Очно-заочная договор,"Обществознание, География, Английский язык, Русский язык, Математика",38.03.03,38.03.03 — Управление персоналом,140,📉 Снижающийся,0,🟢 Высокие,0.85,
Очно-заочная договор,"Обществознание, География, Английский язык, Русский язык, Математика",38.03.01,38.03.01 — Экономика,139,📉 Снижающийся,0,🟢 Высокие,0.85,
Очно-заочная договор,"Обществознание, География, Английский язык, Русский язык, Математика",38.03.02,38.03.02 — Менеджмент,135,📉 Снижающийся,0,🟢 Высокие,0.85,
Очно-заочная договор,"История, Биология, Химия, Русский язык, Математика",41.03.04,41.03.04 — Политология,151,➡️ Стабильный,0,🟢 Высокие,0.85,
Очно-заочная договор,"История, Биология, Химия, Русский язык, Математика",40.03.01,40.03.01 — Юриспруденция,145,📉 Снижающийся,0,🟢 Высокие,0.85,
Очно-заочная договор,"История, Биология, Физика, Русский язык, Математика",41.03.04,41.03.04 — Политология,151,➡️ Стабильный,0,🟢 Высокие,0.85,
Очно-заочная договор,"История, Биология, Физика, Русский язык, Математика",40.03.01,40.03.01 — Юриспруденция,145,📉 Снижающийся,0,🟢 Высокие,0.85,
Очно-заочная договор,"История, Биология, География, Русский язык, Математика",41.03.04,41.03.04 — Политология,151,➡️ Стабильный,0,🟢 Высокие,0.85,
Очно-заочная договор,"История, Биология, География, Русский язык, Математика",40.03.01,40.03.01 — Юриспруденция,145,📉 Снижающийся,0,🟢 Высокие,0.85,
Очно-заочная договор,"История, Биология, Английский язык, Русский язык, Математика",41.03.04,41.03.04 — Политология,151,➡️ Стабильный,0,🟢 Высокие,0.85,
Очно-заочная договор,"История, Биология, Английский язык, Русский язык, Математика",40.03.01,40.03.01 — Юриспруденция,145,📉 Снижающийся,0,🟢 Высокие,0.85,
Очно-заочная договор,"История, Биология, Английский язык, Русский язык, Математика",38.03.03,38.03.03 — Управление персоналом,140,📉 Снижающийся,0,🟢 Высокие,0.85,
Очно-заочная договор,"История, Биология, Английский язык, Русский язык, Математика",38.03.01,38.03.01 — Экономика,139,📉 Снижающийся,0,🟢 Высокие,0.85,
Очно-заочная договор,"История, Биология, Английский язык, Русский язык, Математика",38.03.02,38.03.02 — Менеджмент,135,📉 Снижающийся,0,🟢 Высокие,0.85,
Очно-заочная договор,"История, Химия, Физика, Русский язык, Математика",41.03.04,41.03.04 — Политология,151,➡️ Стабильный,0,🟢 Высокие,0.85,
Очно-заочная договор,"История, Химия, Физика, Русский язык, Математика",40.03.01,40.03.01 — Юриспруденция,145,📉 Снижающийся,0,🟢 Высокие,0.85,
Очно-заочная договор,"История, Химия, География, Русский язык, Математика",41.03.04,41.03.04 — Политология,151,➡️ Стабильный,0,🟢 Высокие,0.85,
Очно-заочная договор,"История, Химия, География, Русский язык, Математика",40.03.01,40.03.01 — Юриспруденция,145,📉 Снижающийся,0,🟢 Высокие,0.85,
Очно-заочная договор,"История, Химия, Английский язык, Русский язык, Математика",41.03.04,41.03.04 — Политология,151,➡️ Стабильный,0,🟢 Высокие,0.85,
Очно-заочная договор,"История, Химия, Английский язык, Русский язык, Математика",40.03.01,40.03.01 — Юриспруденция,145,📉 Снижающийся,0,🟢 Высокие,0.85,
Очно-заочная договор,"История, Химия, Английский язык, Русский язык, Математика",38.03.03,38.03.03 — Управление персоналом,140,📉 Снижающийся,0,🟢 Высокие,0.85,
Очно-заочная договор,"История, Химия, Английский язык, Русский язык, Математика",38.03.01,38.03.01 — Экономика,139,📉 Снижающийся,0,🟢 Высокие,0.85,
Очно-заочная договор,"История, Химия, Английский язык, Русский язык, Математика",38.03.02,38.03.02 — Менеджмент,135,📉 Снижающийся,0,🟢 Высокие,0.85,
Очно-заочная договор,"История, Физика, География, Русский язык, Математика",41.03.04,41.03.04 — Политология,151,➡️ Стабильный,0,🟢 Высокие,0.85,
Очно-заочная договор,"История, Физика, География, Русский язык, Математика",40.03.01,40.03.01 — Юриспруденция,145,📉 Снижающийся,0,🟢 Высокие,0.85,
Очно-заочная договор,"История, Физика, Английский язык, Русский язык, Математика",41.03.04,41.03.04 — Политология,151,➡️ Стабильный,0,🟢 Высокие,0.85,
Очно-заочная договор,"История, Физика, Английский язык, Русский язык, Математика",40.03.01,40.03.01 — Юриспруденция,145,📉 Снижающийся,0,🟢 Высокие,0.85,
Очно-заочная договор,"История, Физика, Английский язык, Русский язык, Математика",38.03.03,38.03.03 — Управление персоналом,140,📉 Снижающийся,0,🟢 Высокие,0.85,
Очно-заочная договор,"История, Физика, Английский язык, Русский язык, Математика",38.03.01,38.03.01 — Экономика,139,📉 Снижающийся,0,🟢 Высокие,0.85,
Очно-заочная договор,"История, Физика, Английский язык, Русский язык, Математика",38.03.02,38.03.02 — Менеджмент,135,📉 Снижающийся,0,🟢 Высокие,0.85,
Очно-заочная договор,"История, География, Английский язык, Русский язык, Математика",41.03.04,41.03.04 — Политология,151,➡️ Стабильный,0,🟢 Высокие,0.85,
Очно-заочная договор,"История, География, Английский язык, Русский язык, Математика",40.03.01,40.03.01 — Юриспруденция,145,📉 Снижающийся,0,🟢 Высокие,0.85,
Очно-заочная договор,"История, География, Английский язык, Русский язык, Математика",38.03.03,38.03.03 — Управление персоналом,140,📉 Снижающийся,0,🟢 Высокие,0.85,
Очно-заочная договор,"История, География, Английский язык, Русский язык, Математика",38.03.01,38.03.01 — Экономика,139,📉 Снижающийся,0,🟢 Высокие,0.85,
Очно-заочная договор,"История, География, Английский язык, Русский язык, Математика",38.03.02,38.03.02 — Менеджмент,135,📉 Снижающийся,0,🟢 Высокие,0.85,
Очно-заочная договор,"Биология, Химия, Физика, Русский язык, Математика",,НАПРАВЛЕНИЯ НЕ НАЙДЕНЫ,,,,—,,
Очно-заочная договор,"Биология, Химия, География, Русский язык, Математика",,НАПРАВЛЕНИЯ НЕ НАЙДЕНЫ,,,,—,,
Очно-заочная договор,"Биология, Химия, Английский язык, Русский язык, Математика",41.03.04,41.03.04 — Политология,151,➡️ Стабильный,0,🟢 Высокие,0.85,
Очно-заочная договор,"Биология, Химия, Английский язык, Русский язык, Математика",40.03.01,40.03.01 — Юриспруденция,145,📉 Снижающийся,0,🟢 Высокие,0.85,
Очно-заочная договор,"Биология, Химия, Английский язык, Русский язык, Математика",38.03.03,38.03.03 — Управление персоналом,140,📉 Снижающийся,0,🟢 Высокие,0.85,
Очно-заочная договор,"Биология, Химия, Английский язык, Русский язык, Математика",38.03.01,38.03.01 — Экономика,139,📉 Снижающийся,0,🟢 Высокие,0.85,
Очно-заочная договор,"Биология, Химия, Английский язык, Русский язык, Математика",38.03.02,38.03.02 — Менеджмент,135,📉 Снижающийся,0,🟢 Высокие,0.85,
Очно-заочная договор,"Биология, Физика, География, Русский язык, Математика",,НАПРАВЛЕНИЯ НЕ НАЙДЕНЫ,,,,—,,
Очно-заочная договор,"Биология, Физика, Английский язык, Русский язык, Математика",41.03.04,41.03.04 — Политология,151,➡️ Стабильный,0,🟢 Высокие,0.85,
Очно-заочная договор,"Биология, Физика, Английский язык, Русский язык, Математика",40.03.01,40.03.01 — Юриспруденция,145,📉 Снижающийся,0,🟢 Высокие,0.85,
Очно-заочная договор,"Биология, Физика, Английский язык, Русский язык, Математика",38.03.03,38.03.03 — Управление персоналом,140,📉 Снижающийся,0,🟢 Высокие,0.85,
Очно-заочная договор,"Биология, Физика, Английский язык, Русский язык, Математика",38.03.01,38.03.01 — Экономика,139,📉 Снижающийся,0,🟢 Высокие,0.85,
Очно-заочная договор,"Биология, Физика, Английский язык, Русский язык, Математика",38.03.02,38.03.02 — Менеджмент,135,📉 Снижающийся,0,🟢 Высокие,0.85,
Очно-заочная договор,"Биология, География, Английский язык, Русский язык, Математика",41.03.04,41.03.04 — Политология,151,➡️ Стабильный,0,🟢 Высокие,0.85,
Очно-заочная договор,"Биология, География, Английский язык, Русский язык, Математика",40.03.01,40.03.01 — Юриспруденция,145,📉 Снижающийся,0,🟢 Высокие,0.85,
Очно-заочная договор,"Биология, География, Английский язык, Русский язык, Математика",38.03.03,38.03.03 — Управление персоналом,140,📉 Снижающийся,0,🟢 Высокие,0.85,
Очно-заочная договор,"Биология, География, Английский язык, Русский язык, Математика",38.03.01,38.03.01 — Экономика,139,📉 Снижающийся,0,🟢 Высокие,0.85,
Очно-заочная договор,"Биология, География, Английский язык, Русский язык, Математика",38.03.02,38.03.02 — Менеджмент,135,📉 Снижающийся,0,🟢 Высокие,0.85,
Очно-заочная договор,"Химия, Физика, География, Русский язык, Математика",,НАПРАВЛЕНИЯ НЕ НАЙДЕНЫ,,,,—,,
Очно-заочная договор,"Химия, Физика, Английский язык, Русский язык, Математика",41.03.04,41.03.04 — Политология,151,➡️ Стабильный,0,🟢 Высокие,0.85,
Очно-заочная договор,"Химия, Физика, Английский язык, Русский язык, Математика",40.03.01,40.03.01 — Юриспруденция,145,📉 Снижающийся,0,🟢 Высокие,0.85,
Очно-заочная договор,"Химия, Физика, Английский язык, Русский язык, Математика",38.03.03,38.03.03 — Управление персоналом,140,📉 Снижающийся,0,🟢 Высокие,0.85,
Очно-заочная договор,"Химия, Физика, Английский язык, Русский язык, Математика",38.03.01,38.03.01 — Экономика,139,📉 Снижающийся,0,🟢 Высокие,0.85,
Очно-заочная договор,"Химия, Физика, Английский язык, Русский язык, Математика",38.03.02,38.03.02 — Менеджмент,135,📉 Снижающийся,0,🟢 Высокие,0.85,
Очно-заочная договор,"Химия, География, Английский язык, Русский язык, Математика",41.03.04,41.03.04 — Политология,151,➡️ Стабильный,0,🟢 Высокие,0.85,
Очно-заочная договор,"Химия, География, Английский язык, Русский язык, Математика",40.03.01,40.03.01 — Юриспруденция,145,📉 Снижающийся,0,🟢 Высокие,0.85,
Очно-заочная договор,"Химия, География, Английский язык, Русский язык, Математика",38.03.03,38.03.03 — Управление персоналом,140,📉 Снижающийся,0,🟢 Высокие,0.85,
Очно-заочная договор,"Химия, География, Английский язык, Русский язык, Математика",38.03.01,38.03.01 — Экономика,139,📉 Снижающийся,0,🟢 Высокие,0.85,
Очно-заочная договор,"Химия, География, Английский язык, Русский язык, Математика",38.03.02,38.03.02 — Менеджмент,135,📉 Снижающийся,0,🟢 Высокие,0.85,
Очно-заочная договор,"Физика, География, Английский язык, Русский язык, Математика",41.03.04,41.03.04 — Политология,151,➡️ Стабильный,0,🟢 Высокие,0.85,
Очно-заочная договор,"Физика, География, Английский язык, Русский язык, Математика",40.03.01,40.03.01 — Юриспруденция,145,📉 Снижающийся,0,🟢 Высокие,0.85,
Очно-заочная договор,"Физика, География, Английский язык, Русский язык, Математика",38.03.03,38.03.03 — Управление персоналом,140,📉 Снижающийся,0,🟢 Высокие,0.85,
Очно-заочная договор,"Физика, География, Английский язык, Русский язык, Математика",38.03.01,38.03.01 — Экономика,139,📉 Снижающийся,0,🟢 Высокие,0.85,
Очно-заочная договор,"Физика, География, Английский язык, Русский язык, Математика",38.03.02,38.03.02 — Менеджмент,135,📉 Снижающийся,0,🟢 Высокие,0.85,
